timestamp,pool_name,facility_type,occupancy_percent,is_open,hour,day_of_week,month,is_weekend,is_holiday,is_school_vacation,temperature_c,precipitation_mm,weather_code,cloud_cover_percent
2026-01-16 11:40:32.421233,Bad Giesing-Harlaching,pool,88.0,1,11,4,1,0,0,0,5.4,0.0,1.0,16.0
2026-01-16 11:40:32.421233,Cosimawellenbad,pool,90.0,1,11,4,1,0,0,0,5.4,0.0,1.0,16.0
2026-01-16 11:40:32.421233,Cosimawellenbad Sauna,sauna,93.0,1,11,4,1,0,0,0,5.4,0.0,1.0,16.0
2026-01-16 11:40:32.421233,Dantebad Sauna,sauna,76.0,1,11,4,1,0,0,0,5.4,0.0,1.0,16.0
2026-01-16 11:40:32.421233,Michaelibad,pool,82.0,1,11,4,1,0,0,0,5.4,0.0,1.0,16.0
2026-01-16 11:40:32.421233,Michaelibad Sauna,sauna,84.0,1,11,4,1,0,0,0,5.4,0.0,1.0,16.0
2026-01-16 11:40:32.421233,Müller'sches Volksbad,pool,85.0,1,11,4,1,0,0,0,5.4,0.0,1.0,16.0
2026-01-16 11:40:32.421233,Nordbad,pool,63.0,1,11,4,1,0,0,0,5.4,0.0,1.0,16.0
2026-01-16 11:40:32.421233,Nordbad Sauna,sauna,85.0,1,11,4,1,0,0,0,5.4,0.0,1.0,16.0
2026-01-16 11:40:32.421233,Südbad,pool,66.0,1,11,4,1,0,0,0,5.4,0.0,1.0,16.0
2026-01-16 11:40:32.421233,Südbad Sauna,sauna,90.0,1,11,4,1,0,0,0,5.4,0.0,1.0,16.0
2026-01-16 11:40:32.421233,Westbad,pool,76.0,1,11,4,1,0,0,0,5.4,0.0,1.0,16.0
2026-01-16 11:40:32.421233,Westbad Sauna,sauna,75.0,1,11,4,1,0,0,0,5.4,0.0,1.0,16.0
2026-01-16 11:52:03.069309,Bad Giesing-Harlaching,pool,89.0,1,11,4,1,0,0,0,5.4,0.0,1.0,16.0
2026-01-16 11:52:03.069309,Cosimawellenbad,pool,91.0,1,11,4,1,0,0,0,5.4,0.0,1.0,16.0
2026-01-16 11:52:03.069309,Cosimawellenbad Sauna,sauna,93.0,1,11,4,1,0,0,0,5.4,0.0,1.0,16.0
2026-01-16 11:52:03.069309,Dantebad Sauna,sauna,76.0,1,11,4,1,0,0,0,5.4,0.0,1.0,16.0
2026-01-16 11:52:03.069309,Michaelibad,pool,82.0,1,11,4,1,0,0,0,5.4,0.0,1.0,16.0
2026-01-16 11:52:03.069309,Michaelibad Sauna,sauna,85.0,1,11,4,1,0,0,0,5.4,0.0,1.0,16.0
2026-01-16 11:52:03.069309,Müller'sches Volksbad,pool,85.0,1,11,4,1,0,0,0,5.4,0.0,1.0,16.0
2026-01-16 11:52:03.069309,Nordbad,pool,66.0,1,11,4,1,0,0,0,5.4,0.0,1.0,16.0
2026-01-16 11:52:03.069309,Nordbad Sauna,sauna,85.0,1,11,4,1,0,0,0,5.4,0.0,1.0,16.0
2026-01-16 11:52:03.069309,Südbad,pool,64.0,1,11,4,1,0,0,0,5.4,0.0,1.0,16.0
2026-01-16 11:52:03.069309,Südbad Sauna,sauna,88.0,1,11,4,1,0,0,0,5.4,0.0,1.0,16.0
2026-01-16 11:52:03.069309,Westbad,pool,68.0,1,11,4,1,0,0,0,5.4,0.0,1.0,16.0
2026-01-16 11:52:03.069309,Westbad Sauna,sauna,70.0,1,11,4,1,0,0,0,5.4,0.0,1.0,16.0
2026-01-16 12:04:27.148410,Bad Giesing-Harlaching,pool,91.0,1,12,4,1,0,0,0,7.7,0.0,3.0,100.0
2026-01-16 12:04:27.148410,Cosimawellenbad,pool,91.0,1,12,4,1,0,0,0,7.7,0.0,3.0,100.0
2026-01-16 12:04:27.148410,Cosimawellenbad Sauna,sauna,93.0,1,12,4,1,0,0,0,7.7,0.0,3.0,100.0
2026-01-16 12:04:27.148410,Dantebad Sauna,sauna,79.0,1,12,4,1,0,0,0,7.7,0.0,3.0,100.0
2026-01-16 12:04:27.148410,Michaelibad,pool,83.0,1,12,4,1,0,0,0,7.7,0.0,3.0,100.0
2026-01-16 12:04:27.148410,Michaelibad Sauna,sauna,85.0,1,12,4,1,0,0,0,7.7,0.0,3.0,100.0
2026-01-16 12:04:27.148410,Müller'sches Volksbad,pool,84.0,1,12,4,1,0,0,0,7.7,0.0,3.0,100.0
2026-01-16 12:04:27.148410,Nordbad,pool,72.0,1,12,4,1,0,0,0,7.7,0.0,3.0,100.0
2026-01-16 12:04:27.148410,Nordbad Sauna,sauna,85.0,1,12,4,1,0,0,0,7.7,0.0,3.0,100.0
2026-01-16 12:04:27.148410,Südbad,pool,66.0,1,12,4,1,0,0,0,7.7,0.0,3.0,100.0
2026-01-16 12:04:27.148410,Südbad Sauna,sauna,88.0,1,12,4,1,0,0,0,7.7,0.0,3.0,100.0
2026-01-16 12:04:27.148410,Westbad,pool,65.0,1,12,4,1,0,0,0,7.7,0.0,3.0,100.0
2026-01-16 12:04:27.148410,Westbad Sauna,sauna,70.0,1,12,4,1,0,0,0,7.7,0.0,3.0,100.0
2026-01-16 12:22:47.920479,Bad Giesing-Harlaching,pool,91.0,1,12,4,1,0,0,0,7.7,0.0,3.0,100.0
2026-01-16 12:22:47.920479,Cosimawellenbad,pool,92.0,1,12,4,1,0,0,0,7.7,0.0,3.0,100.0
2026-01-16 12:22:47.920479,Cosimawellenbad Sauna,sauna,92.0,1,12,4,1,0,0,0,7.7,0.0,3.0,100.0
2026-01-16 12:22:47.920479,Dantebad Sauna,sauna,79.0,1,12,4,1,0,0,0,7.7,0.0,3.0,100.0
2026-01-16 12:22:47.920479,Michaelibad,pool,83.0,1,12,4,1,0,0,0,7.7,0.0,3.0,100.0
2026-01-16 12:22:47.920479,Michaelibad Sauna,sauna,85.0,1,12,4,1,0,0,0,7.7,0.0,3.0,100.0
2026-01-16 12:22:47.920479,Müller'sches Volksbad,pool,86.0,1,12,4,1,0,0,0,7.7,0.0,3.0,100.0
2026-01-16 12:22:47.920479,Nordbad,pool,84.0,1,12,4,1,0,0,0,7.7,0.0,3.0,100.0
2026-01-16 12:22:47.920479,Nordbad Sauna,sauna,86.0,1,12,4,1,0,0,0,7.7,0.0,3.0,100.0
2026-01-16 12:22:47.920479,Südbad,pool,73.0,1,12,4,1,0,0,0,7.7,0.0,3.0,100.0
2026-01-16 12:22:47.920479,Südbad Sauna,sauna,86.0,1,12,4,1,0,0,0,7.7,0.0,3.0,100.0
2026-01-16 12:22:47.920479,Westbad,pool,64.0,1,12,4,1,0,0,0,7.7,0.0,3.0,100.0
2026-01-16 12:22:47.920479,Westbad Sauna,sauna,67.0,1,12,4,1,0,0,0,7.7,0.0,3.0,100.0
2026-01-16 12:35:20.896411,Bad Giesing-Harlaching,pool,92.0,1,12,4,1,0,0,0,7.7,0.0,3.0,100.0
2026-01-16 12:35:20.896411,Cosimawellenbad,pool,92.0,1,12,4,1,0,0,0,7.7,0.0,3.0,100.0
2026-01-16 12:35:20.896411,Cosimawellenbad Sauna,sauna,91.0,1,12,4,1,0,0,0,7.7,0.0,3.0,100.0
2026-01-16 12:35:20.896411,Dantebad Sauna,sauna,81.0,1,12,4,1,0,0,0,7.7,0.0,3.0,100.0
2026-01-16 12:35:20.896411,Michaelibad,pool,84.0,1,12,4,1,0,0,0,7.7,0.0,3.0,100.0
2026-01-16 12:35:20.896411,Michaelibad Sauna,sauna,86.0,1,12,4,1,0,0,0,7.7,0.0,3.0,100.0
2026-01-16 12:35:20.896411,Müller'sches Volksbad,pool,86.0,1,12,4,1,0,0,0,7.7,0.0,3.0,100.0
2026-01-16 12:35:20.896411,Nordbad,pool,85.0,1,12,4,1,0,0,0,7.7,0.0,3.0,100.0
2026-01-16 12:35:20.896411,Nordbad Sauna,sauna,85.0,1,12,4,1,0,0,0,7.7,0.0,3.0,100.0
2026-01-16 12:35:20.896411,Südbad,pool,73.0,1,12,4,1,0,0,0,7.7,0.0,3.0,100.0
2026-01-16 12:35:20.896411,Südbad Sauna,sauna,86.0,1,12,4,1,0,0,0,7.7,0.0,3.0,100.0
2026-01-16 12:35:20.896411,Westbad,pool,62.0,1,12,4,1,0,0,0,7.7,0.0,3.0,100.0
2026-01-16 12:35:20.896411,Westbad Sauna,sauna,70.0,1,12,4,1,0,0,0,7.7,0.0,3.0,100.0
2026-01-16 12:48:51.607025,Bad Giesing-Harlaching,pool,92.0,1,12,4,1,0,0,0,7.7,0.0,3.0,100.0
2026-01-16 12:48:51.607025,Cosimawellenbad,pool,93.0,1,12,4,1,0,0,0,7.7,0.0,3.0,100.0
2026-01-16 12:48:51.607025,Cosimawellenbad Sauna,sauna,90.0,1,12,4,1,0,0,0,7.7,0.0,3.0,100.0
2026-01-16 12:48:51.607025,Dantebad Sauna,sauna,79.0,1,12,4,1,0,0,0,7.7,0.0,3.0,100.0
2026-01-16 12:48:51.607025,Michaelibad,pool,82.0,1,12,4,1,0,0,0,7.7,0.0,3.0,100.0
2026-01-16 12:48:51.607025,Michaelibad Sauna,sauna,85.0,1,12,4,1,0,0,0,7.7,0.0,3.0,100.0
2026-01-16 12:48:51.607025,Müller'sches Volksbad,pool,86.0,1,12,4,1,0,0,0,7.7,0.0,3.0,100.0
2026-01-16 12:48:51.607025,Nordbad,pool,84.0,1,12,4,1,0,0,0,7.7,0.0,3.0,100.0
2026-01-16 12:48:51.607025,Nordbad Sauna,sauna,84.0,1,12,4,1,0,0,0,7.7,0.0,3.0,100.0
2026-01-16 12:48:51.607025,Südbad,pool,76.0,1,12,4,1,0,0,0,7.7,0.0,3.0,100.0
2026-01-16 12:48:51.607025,Südbad Sauna,sauna,85.0,1,12,4,1,0,0,0,7.7,0.0,3.0,100.0
2026-01-16 12:48:51.607025,Westbad,pool,65.0,1,12,4,1,0,0,0,7.7,0.0,3.0,100.0
2026-01-16 12:48:51.607025,Westbad Sauna,sauna,73.0,1,12,4,1,0,0,0,7.7,0.0,3.0,100.0
2026-01-16 13:06:23.727754,Bad Giesing-Harlaching,pool,91.0,1,13,4,1,0,0,0,9.1,0.0,0.0,0.0
2026-01-16 13:06:23.727754,Cosimawellenbad,pool,94.0,1,13,4,1,0,0,0,9.1,0.0,0.0,0.0
2026-01-16 13:06:23.727754,Cosimawellenbad Sauna,sauna,90.0,1,13,4,1,0,0,0,9.1,0.0,0.0,0.0
2026-01-16 13:06:23.727754,Dantebad Sauna,sauna,77.0,1,13,4,1,0,0,0,9.1,0.0,0.0,0.0
2026-01-16 13:06:23.727754,Michaelibad,pool,83.0,1,13,4,1,0,0,0,9.1,0.0,0.0,0.0
2026-01-16 13:06:23.727754,Michaelibad Sauna,sauna,83.0,1,13,4,1,0,0,0,9.1,0.0,0.0,0.0
2026-01-16 13:06:23.727754,Müller'sches Volksbad,pool,85.0,1,13,4,1,0,0,0,9.1,0.0,0.0,0.0
2026-01-16 13:06:23.727754,Nordbad,pool,85.0,1,13,4,1,0,0,0,9.1,0.0,0.0,0.0
2026-01-16 13:06:23.727754,Nordbad Sauna,sauna,85.0,1,13,4,1,0,0,0,9.1,0.0,0.0,0.0
2026-01-16 13:06:23.727754,Südbad,pool,80.0,1,13,4,1,0,0,0,9.1,0.0,0.0,0.0
2026-01-16 13:06:23.727754,Südbad Sauna,sauna,83.0,1,13,4,1,0,0,0,9.1,0.0,0.0,0.0
2026-01-16 13:06:23.727754,Westbad,pool,73.0,1,13,4,1,0,0,0,9.1,0.0,0.0,0.0
2026-01-16 13:06:23.727754,Westbad Sauna,sauna,72.0,1,13,4,1,0,0,0,9.1,0.0,0.0,0.0
2026-01-16 13:25:22.499571,Bad Giesing-Harlaching,pool,89.0,1,13,4,1,0,0,0,9.1,0.0,0.0,0.0
2026-01-16 13:25:22.499571,Cosimawellenbad,pool,94.0,1,13,4,1,0,0,0,9.1,0.0,0.0,0.0
2026-01-16 13:25:22.499571,Cosimawellenbad Sauna,sauna,89.0,1,13,4,1,0,0,0,9.1,0.0,0.0,0.0
2026-01-16 13:25:22.499571,Dantebad Sauna,sauna,74.0,1,13,4,1,0,0,0,9.1,0.0,0.0,0.0
2026-01-16 13:25:22.499571,Michaelibad,pool,84.0,1,13,4,1,0,0,0,9.1,0.0,0.0,0.0
2026-01-16 13:25:22.499571,Michaelibad Sauna,sauna,82.0,1,13,4,1,0,0,0,9.1,0.0,0.0,0.0
2026-01-16 13:25:22.499571,Müller'sches Volksbad,pool,86.0,1,13,4,1,0,0,0,9.1,0.0,0.0,0.0
2026-01-16 13:25:22.499571,Nordbad,pool,84.0,1,13,4,1,0,0,0,9.1,0.0,0.0,0.0
2026-01-16 13:25:22.499571,Nordbad Sauna,sauna,85.0,1,13,4,1,0,0,0,9.1,0.0,0.0,0.0
2026-01-16 13:25:22.499571,Südbad,pool,81.0,1,13,4,1,0,0,0,9.1,0.0,0.0,0.0
2026-01-16 13:25:22.499571,Südbad Sauna,sauna,83.0,1,13,4,1,0,0,0,9.1,0.0,0.0,0.0
2026-01-16 13:25:22.499571,Westbad,pool,85.0,1,13,4,1,0,0,0,9.1,0.0,0.0,0.0
2026-01-16 13:25:22.499571,Westbad Sauna,sauna,75.0,1,13,4,1,0,0,0,9.1,0.0,0.0,0.0
2026-01-16 13:46:09.416215,Bad Giesing-Harlaching,pool,90.0,1,13,4,1,0,0,0,9.4,0.0,0.0,0.0
2026-01-16 13:46:09.416215,Cosimawellenbad,pool,95.0,1,13,4,1,0,0,0,9.4,0.0,0.0,0.0
2026-01-16 13:46:09.416215,Cosimawellenbad Sauna,sauna,91.0,1,13,4,1,0,0,0,9.4,0.0,0.0,0.0
2026-01-16 13:46:09.416215,Dantebad Sauna,sauna,71.0,1,13,4,1,0,0,0,9.4,0.0,0.0,0.0
2026-01-16 13:46:09.416215,Michaelibad,pool,83.0,1,13,4,1,0,0,0,9.4,0.0,0.0,0.0
2026-01-16 13:46:09.416215,Michaelibad Sauna,sauna,83.0,1,13,4,1,0,0,0,9.4,0.0,0.0,0.0
2026-01-16 13:46:09.416215,Müller'sches Volksbad,pool,88.0,1,13,4,1,0,0,0,9.4,0.0,0.0,0.0
2026-01-16 13:46:09.416215,Nordbad,pool,76.0,1,13,4,1,0,0,0,9.4,0.0,0.0,0.0
2026-01-16 13:46:09.416215,Nordbad Sauna,sauna,86.0,1,13,4,1,0,0,0,9.4,0.0,0.0,0.0
2026-01-16 13:46:09.416215,Südbad,pool,79.0,1,13,4,1,0,0,0,9.4,0.0,0.0,0.0
2026-01-16 13:46:09.416215,Südbad Sauna,sauna,84.0,1,13,4,1,0,0,0,9.4,0.0,0.0,0.0
2026-01-16 13:46:09.416215,Westbad,pool,82.0,1,13,4,1,0,0,0,9.4,0.0,0.0,0.0
2026-01-16 13:46:09.416215,Westbad Sauna,sauna,77.0,1,13,4,1,0,0,0,9.4,0.0,0.0,0.0
2026-01-16 14:15:50.016156,Bad Giesing-Harlaching,pool,91.0,1,14,4,1,0,0,0,10.5,0.0,0.0,0.0
2026-01-16 14:15:50.016156,Cosimawellenbad,pool,93.0,1,14,4,1,0,0,0,10.5,0.0,0.0,0.0
2026-01-16 14:15:50.016156,Cosimawellenbad Sauna,sauna,88.0,1,14,4,1,0,0,0,10.5,0.0,0.0,0.0
2026-01-16 14:15:50.016156,Dantebad Sauna,sauna,72.0,1,14,4,1,0,0,0,10.5,0.0,0.0,0.0
2026-01-16 14:15:50.016156,Michaelibad,pool,79.0,1,14,4,1,0,0,0,10.5,0.0,0.0,0.0
2026-01-16 14:15:50.016156,Michaelibad Sauna,sauna,82.0,1,14,4,1,0,0,0,10.5,0.0,0.0,0.0
2026-01-16 14:15:50.016156,Müller'sches Volksbad,pool,88.0,1,14,4,1,0,0,0,10.5,0.0,0.0,0.0
2026-01-16 14:15:50.016156,Nordbad,pool,73.0,1,14,4,1,0,0,0,10.5,0.0,0.0,0.0
2026-01-16 14:15:50.016156,Nordbad Sauna,sauna,84.0,1,14,4,1,0,0,0,10.5,0.0,0.0,0.0
2026-01-16 14:15:50.016156,Südbad,pool,78.0,1,14,4,1,0,0,0,10.5,0.0,0.0,0.0
2026-01-16 14:15:50.016156,Südbad Sauna,sauna,80.0,1,14,4,1,0,0,0,10.5,0.0,0.0,0.0
2026-01-16 14:15:50.016156,Westbad,pool,85.0,1,14,4,1,0,0,0,10.5,0.0,0.0,0.0
2026-01-16 14:15:50.016156,Westbad Sauna,sauna,75.0,1,14,4,1,0,0,0,10.5,0.0,0.0,0.0
2026-01-16 14:43:46.343986,Bad Giesing-Harlaching,pool,91.0,1,14,4,1,0,0,0,10.5,0.0,0.0,0.0
2026-01-16 14:43:46.343986,Cosimawellenbad,pool,91.0,1,14,4,1,0,0,0,10.5,0.0,0.0,0.0
2026-01-16 14:43:46.343986,Cosimawellenbad Sauna,sauna,88.0,1,14,4,1,0,0,0,10.5,0.0,0.0,0.0
2026-01-16 14:43:46.343986,Dantebad Sauna,sauna,65.0,1,14,4,1,0,0,0,10.5,0.0,0.0,0.0
2026-01-16 14:43:46.343986,Michaelibad,pool,80.0,1,14,4,1,0,0,0,10.5,0.0,0.0,0.0
2026-01-16 14:43:46.343986,Michaelibad Sauna,sauna,79.0,1,14,4,1,0,0,0,10.5,0.0,0.0,0.0
2026-01-16 14:43:46.343986,Müller'sches Volksbad,pool,86.0,1,14,4,1,0,0,0,10.5,0.0,0.0,0.0
2026-01-16 14:43:46.343986,Nordbad,pool,74.0,1,14,4,1,0,0,0,10.5,0.0,0.0,0.0
2026-01-16 14:43:46.343986,Nordbad Sauna,sauna,85.0,1,14,4,1,0,0,0,10.5,0.0,0.0,0.0
2026-01-16 14:43:46.343986,Südbad,pool,73.0,1,14,4,1,0,0,0,10.5,0.0,0.0,0.0
2026-01-16 14:43:46.343986,Südbad Sauna,sauna,79.0,1,14,4,1,0,0,0,10.5,0.0,0.0,0.0
2026-01-16 14:43:46.343986,Westbad,pool,83.0,1,14,4,1,0,0,0,10.5,0.0,0.0,0.0
2026-01-16 14:43:46.343986,Westbad Sauna,sauna,73.0,1,14,4,1,0,0,0,10.5,0.0,0.0,0.0
2026-01-16 14:57:03.729318,Bad Giesing-Harlaching,pool,91.0,1,14,4,1,0,0,0,10.5,0.0,0.0,0.0
2026-01-16 14:57:03.729318,Cosimawellenbad,pool,91.0,1,14,4,1,0,0,0,10.5,0.0,0.0,0.0
2026-01-16 14:57:03.729318,Cosimawellenbad Sauna,sauna,88.0,1,14,4,1,0,0,0,10.5,0.0,0.0,0.0
2026-01-16 14:57:03.729318,Dantebad Sauna,sauna,63.0,1,14,4,1,0,0,0,10.5,0.0,0.0,0.0
2026-01-16 14:57:03.729318,Michaelibad,pool,79.0,1,14,4,1,0,0,0,10.5,0.0,0.0,0.0
2026-01-16 14:57:03.729318,Michaelibad Sauna,sauna,79.0,1,14,4,1,0,0,0,10.5,0.0,0.0,0.0
2026-01-16 14:57:03.729318,Müller'sches Volksbad,pool,84.0,1,14,4,1,0,0,0,10.5,0.0,0.0,0.0
2026-01-16 14:57:03.729318,Nordbad,pool,79.0,1,14,4,1,0,0,0,10.5,0.0,0.0,0.0
2026-01-16 14:57:03.729318,Nordbad Sauna,sauna,85.0,1,14,4,1,0,0,0,10.5,0.0,0.0,0.0
2026-01-16 14:57:03.729318,Südbad,pool,70.0,1,14,4,1,0,0,0,10.5,0.0,0.0,0.0
2026-01-16 14:57:03.729318,Südbad Sauna,sauna,76.0,1,14,4,1,0,0,0,10.5,0.0,0.0,0.0
2026-01-16 14:57:03.729318,Westbad,pool,81.0,1,14,4,1,0,0,0,10.5,0.0,0.0,0.0
2026-01-16 14:57:03.729318,Westbad Sauna,sauna,75.0,1,14,4,1,0,0,0,10.5,0.0,0.0,0.0
2026-01-16 15:09:07.202998,Bad Giesing-Harlaching,pool,88.0,1,15,4,1,0,0,0,10.1,0.0,0.0,0.0
2026-01-16 15:09:07.202998,Cosimawellenbad,pool,90.0,1,15,4,1,0,0,0,10.1,0.0,0.0,0.0
2026-01-16 15:09:07.202998,Cosimawellenbad Sauna,sauna,85.0,1,15,4,1,0,0,0,10.1,0.0,0.0,0.0
2026-01-16 15:09:07.202998,Dantebad Sauna,sauna,63.0,1,15,4,1,0,0,0,10.1,0.0,0.0,0.0
2026-01-16 15:09:07.202998,Michaelibad,pool,77.0,1,15,4,1,0,0,0,10.1,0.0,0.0,0.0
2026-01-16 15:09:07.202998,Michaelibad Sauna,sauna,79.0,1,15,4,1,0,0,0,10.1,0.0,0.0,0.0
2026-01-16 15:09:07.202998,Müller'sches Volksbad,pool,84.0,1,15,4,1,0,0,0,10.1,0.0,0.0,0.0
2026-01-16 15:09:07.202998,Nordbad,pool,81.0,1,15,4,1,0,0,0,10.1,0.0,0.0,0.0
2026-01-16 15:09:07.202998,Nordbad Sauna,sauna,86.0,1,15,4,1,0,0,0,10.1,0.0,0.0,0.0
2026-01-16 15:09:07.202998,Südbad,pool,69.0,1,15,4,1,0,0,0,10.1,0.0,0.0,0.0
2026-01-16 15:09:07.202998,Südbad Sauna,sauna,76.0,1,15,4,1,0,0,0,10.1,0.0,0.0,0.0
2026-01-16 15:09:07.202998,Westbad,pool,79.0,1,15,4,1,0,0,0,10.1,0.0,0.0,0.0
2026-01-16 15:09:07.202998,Westbad Sauna,sauna,70.0,1,15,4,1,0,0,0,10.1,0.0,0.0,0.0
2026-01-16 15:23:42.686005,Bad Giesing-Harlaching,pool,88.0,1,15,4,1,0,0,0,10.1,0.0,0.0,0.0
2026-01-16 15:23:42.686005,Cosimawellenbad,pool,90.0,1,15,4,1,0,0,0,10.1,0.0,0.0,0.0
2026-01-16 15:23:42.686005,Cosimawellenbad Sauna,sauna,85.0,1,15,4,1,0,0,0,10.1,0.0,0.0,0.0
2026-01-16 15:23:42.686005,Dantebad Sauna,sauna,61.0,1,15,4,1,0,0,0,10.1,0.0,0.0,0.0
2026-01-16 15:23:42.686005,Michaelibad,pool,76.0,1,15,4,1,0,0,0,10.1,0.0,0.0,0.0
2026-01-16 15:23:42.686005,Michaelibad Sauna,sauna,79.0,1,15,4,1,0,0,0,10.1,0.0,0.0,0.0
2026-01-16 15:23:42.686005,Müller'sches Volksbad,pool,81.0,1,15,4,1,0,0,0,10.1,0.0,0.0,0.0
2026-01-16 15:23:42.686005,Nordbad,pool,81.0,1,15,4,1,0,0,0,10.1,0.0,0.0,0.0
2026-01-16 15:23:42.686005,Nordbad Sauna,sauna,86.0,1,15,4,1,0,0,0,10.1,0.0,0.0,0.0
2026-01-16 15:23:42.686005,Südbad,pool,66.0,1,15,4,1,0,0,0,10.1,0.0,0.0,0.0
2026-01-16 15:23:42.686005,Südbad Sauna,sauna,78.0,1,15,4,1,0,0,0,10.1,0.0,0.0,0.0
2026-01-16 15:23:42.686005,Westbad,pool,75.0,1,15,4,1,0,0,0,10.1,0.0,0.0,0.0
2026-01-16 15:23:42.686005,Westbad Sauna,sauna,70.0,1,15,4,1,0,0,0,10.1,0.0,0.0,0.0
2026-01-16 15:39:49.111439,Bad Giesing-Harlaching,pool,90.0,1,15,4,1,0,0,0,10.1,0.0,0.0,0.0
2026-01-16 15:39:49.111439,Cosimawellenbad,pool,88.0,1,15,4,1,0,0,0,10.1,0.0,0.0,0.0
2026-01-16 15:39:49.111439,Cosimawellenbad Sauna,sauna,85.0,1,15,4,1,0,0,0,10.1,0.0,0.0,0.0
2026-01-16 15:39:49.111439,Dantebad Sauna,sauna,60.0,1,15,4,1,0,0,0,10.1,0.0,0.0,0.0
2026-01-16 15:39:49.111439,Michaelibad,pool,74.0,1,15,4,1,0,0,0,10.1,0.0,0.0,0.0
2026-01-16 15:39:49.111439,Michaelibad Sauna,sauna,80.0,1,15,4,1,0,0,0,10.1,0.0,0.0,0.0
2026-01-16 15:39:49.111439,Müller'sches Volksbad,pool,80.0,1,15,4,1,0,0,0,10.1,0.0,0.0,0.0
2026-01-16 15:39:49.111439,Nordbad,pool,81.0,1,15,4,1,0,0,0,10.1,0.0,0.0,0.0
2026-01-16 15:39:49.111439,Nordbad Sauna,sauna,84.0,1,15,4,1,0,0,0,10.1,0.0,0.0,0.0
2026-01-16 15:39:49.111439,Südbad,pool,61.0,1,15,4,1,0,0,0,10.1,0.0,0.0,0.0
2026-01-16 15:39:49.111439,Südbad Sauna,sauna,77.0,1,15,4,1,0,0,0,10.1,0.0,0.0,0.0
2026-01-16 15:39:49.111439,Westbad,pool,73.0,1,15,4,1,0,0,0,10.1,0.0,0.0,0.0
2026-01-16 15:39:49.111439,Westbad Sauna,sauna,72.0,1,15,4,1,0,0,0,10.1,0.0,0.0,0.0
2026-01-16 15:51:59.026102,Bad Giesing-Harlaching,pool,89.0,1,15,4,1,0,0,0,10.1,0.0,0.0,0.0
2026-01-16 15:51:59.026102,Cosimawellenbad,pool,87.0,1,15,4,1,0,0,0,10.1,0.0,0.0,0.0
2026-01-16 15:51:59.026102,Cosimawellenbad Sauna,sauna,85.0,1,15,4,1,0,0,0,10.1,0.0,0.0,0.0
2026-01-16 15:51:59.026102,Dantebad Sauna,sauna,57.0,1,15,4,1,0,0,0,10.1,0.0,0.0,0.0
2026-01-16 15:51:59.026102,Michaelibad,pool,74.0,1,15,4,1,0,0,0,10.1,0.0,0.0,0.0
2026-01-16 15:51:59.026102,Michaelibad Sauna,sauna,77.0,1,15,4,1,0,0,0,10.1,0.0,0.0,0.0
2026-01-16 15:51:59.026102,Müller'sches Volksbad,pool,79.0,1,15,4,1,0,0,0,10.1,0.0,0.0,0.0
2026-01-16 15:51:59.026102,Nordbad,pool,78.0,1,15,4,1,0,0,0,10.1,0.0,0.0,0.0
2026-01-16 15:51:59.026102,Nordbad Sauna,sauna,84.0,1,15,4,1,0,0,0,10.1,0.0,0.0,0.0
2026-01-16 15:51:59.026102,Südbad,pool,59.0,1,15,4,1,0,0,0,10.1,0.0,0.0,0.0
2026-01-16 15:51:59.026102,Südbad Sauna,sauna,76.0,1,15,4,1,0,0,0,10.1,0.0,0.0,0.0
2026-01-16 15:51:59.026102,Westbad,pool,69.0,1,15,4,1,0,0,0,10.1,0.0,0.0,0.0
2026-01-16 15:51:59.026102,Westbad Sauna,sauna,72.0,1,15,4,1,0,0,0,10.1,0.0,0.0,0.0
2026-01-16 16:05:28.687738,Bad Giesing-Harlaching,pool,87.0,1,16,4,1,0,0,0,8.2,0.0,0.0,4.0
2026-01-16 16:05:28.687738,Cosimawellenbad,pool,85.0,1,16,4,1,0,0,0,8.2,0.0,0.0,4.0
2026-01-16 16:05:28.687738,Cosimawellenbad Sauna,sauna,85.0,1,16,4,1,0,0,0,8.2,0.0,0.0,4.0
2026-01-16 16:05:28.687738,Dantebad Sauna,sauna,58.0,1,16,4,1,0,0,0,8.2,0.0,0.0,4.0
2026-01-16 16:05:28.687738,Michaelibad,pool,73.0,1,16,4,1,0,0,0,8.2,0.0,0.0,4.0
2026-01-16 16:05:28.687738,Michaelibad Sauna,sauna,77.0,1,16,4,1,0,0,0,8.2,0.0,0.0,4.0
2026-01-16 16:05:28.687738,Müller'sches Volksbad,pool,77.0,1,16,4,1,0,0,0,8.2,0.0,0.0,4.0
2026-01-16 16:05:28.687738,Nordbad,pool,79.0,1,16,4,1,0,0,0,8.2,0.0,0.0,4.0
2026-01-16 16:05:28.687738,Nordbad Sauna,sauna,84.0,1,16,4,1,0,0,0,8.2,0.0,0.0,4.0
2026-01-16 16:05:28.687738,Südbad,pool,58.0,1,16,4,1,0,0,0,8.2,0.0,0.0,4.0
2026-01-16 16:05:28.687738,Südbad Sauna,sauna,78.0,1,16,4,1,0,0,0,8.2,0.0,0.0,4.0
2026-01-16 16:05:28.687738,Westbad,pool,64.0,1,16,4,1,0,0,0,8.2,0.0,0.0,4.0
2026-01-16 16:05:28.687738,Westbad Sauna,sauna,72.0,1,16,4,1,0,0,0,8.2,0.0,0.0,4.0
2026-01-16 16:23:39.351281,Bad Giesing-Harlaching,pool,86.0,1,16,4,1,0,0,0,8.2,0.0,0.0,4.0
2026-01-16 16:23:39.351281,Cosimawellenbad,pool,83.0,1,16,4,1,0,0,0,8.2,0.0,0.0,4.0
2026-01-16 16:23:39.351281,Cosimawellenbad Sauna,sauna,87.0,1,16,4,1,0,0,0,8.2,0.0,0.0,4.0
2026-01-16 16:23:39.351281,Dantebad Sauna,sauna,58.0,1,16,4,1,0,0,0,8.2,0.0,0.0,4.0
2026-01-16 16:23:39.351281,Michaelibad,pool,72.0,1,16,4,1,0,0,0,8.2,0.0,0.0,4.0
2026-01-16 16:23:39.351281,Michaelibad Sauna,sauna,75.0,1,16,4,1,0,0,0,8.2,0.0,0.0,4.0
2026-01-16 16:23:39.351281,Müller'sches Volksbad,pool,74.0,1,16,4,1,0,0,0,8.2,0.0,0.0,4.0
2026-01-16 16:23:39.351281,Nordbad,pool,77.0,1,16,4,1,0,0,0,8.2,0.0,0.0,4.0
2026-01-16 16:23:39.351281,Nordbad Sauna,sauna,84.0,1,16,4,1,0,0,0,8.2,0.0,0.0,4.0
2026-01-16 16:23:39.351281,Südbad,pool,50.0,1,16,4,1,0,0,0,8.2,0.0,0.0,4.0
2026-01-16 16:23:39.351281,Südbad Sauna,sauna,77.0,1,16,4,1,0,0,0,8.2,0.0,0.0,4.0
2026-01-16 16:23:39.351281,Westbad,pool,61.0,1,16,4,1,0,0,0,8.2,0.0,0.0,4.0
2026-01-16 16:23:39.351281,Westbad Sauna,sauna,72.0,1,16,4,1,0,0,0,8.2,0.0,0.0,4.0
2026-01-16 16:38:37.544904,Bad Giesing-Harlaching,pool,82.0,1,16,4,1,0,0,0,8.2,0.0,0.0,4.0
2026-01-16 16:38:37.544904,Cosimawellenbad,pool,82.0,1,16,4,1,0,0,0,8.2,0.0,0.0,4.0
2026-01-16 16:38:37.544904,Cosimawellenbad Sauna,sauna,87.0,1,16,4,1,0,0,0,8.2,0.0,0.0,4.0
2026-01-16 16:38:37.544904,Dantebad Sauna,sauna,58.0,1,16,4,1,0,0,0,8.2,0.0,0.0,4.0
2026-01-16 16:38:37.544904,Michaelibad,pool,70.0,1,16,4,1,0,0,0,8.2,0.0,0.0,4.0
2026-01-16 16:38:37.544904,Michaelibad Sauna,sauna,78.0,1,16,4,1,0,0,0,8.2,0.0,0.0,4.0
2026-01-16 16:38:37.544904,Müller'sches Volksbad,pool,73.0,1,16,4,1,0,0,0,8.2,0.0,0.0,4.0
2026-01-16 16:38:37.544904,Nordbad,pool,72.0,1,16,4,1,0,0,0,8.2,0.0,0.0,4.0
2026-01-16 16:38:37.544904,Nordbad Sauna,sauna,82.0,1,16,4,1,0,0,0,8.2,0.0,0.0,4.0
2026-01-16 16:38:37.544904,Südbad,pool,47.0,1,16,4,1,0,0,0,8.2,0.0,0.0,4.0
2026-01-16 16:38:37.544904,Südbad Sauna,sauna,79.0,1,16,4,1,0,0,0,8.2,0.0,0.0,4.0
2026-01-16 16:38:37.544904,Westbad,pool,59.0,1,16,4,1,0,0,0,8.2,0.0,0.0,4.0
2026-01-16 16:38:37.544904,Westbad Sauna,sauna,73.0,1,16,4,1,0,0,0,8.2,0.0,0.0,4.0
2026-01-16 16:50:25.147549,Bad Giesing-Harlaching,pool,77.0,1,16,4,1,0,0,0,8.2,0.0,0.0,4.0
2026-01-16 16:50:25.147549,Cosimawellenbad,pool,79.0,1,16,4,1,0,0,0,8.2,0.0,0.0,4.0
2026-01-16 16:50:25.147549,Cosimawellenbad Sauna,sauna,88.0,1,16,4,1,0,0,0,8.2,0.0,0.0,4.0
2026-01-16 16:50:25.147549,Dantebad Sauna,sauna,55.0,1,16,4,1,0,0,0,8.2,0.0,0.0,4.0
2026-01-16 16:50:25.147549,Michaelibad,pool,67.0,1,16,4,1,0,0,0,8.2,0.0,0.0,4.0
2026-01-16 16:50:25.147549,Michaelibad Sauna,sauna,77.0,1,16,4,1,0,0,0,8.2,0.0,0.0,4.0
2026-01-16 16:50:25.147549,Müller'sches Volksbad,pool,72.0,1,16,4,1,0,0,0,8.2,0.0,0.0,4.0
2026-01-16 16:50:25.147549,Nordbad,pool,76.0,1,16,4,1,0,0,0,8.2,0.0,0.0,4.0
2026-01-16 16:50:25.147549,Nordbad Sauna,sauna,80.0,1,16,4,1,0,0,0,8.2,0.0,0.0,4.0
2026-01-16 16:50:25.147549,Südbad,pool,46.0,1,16,4,1,0,0,0,8.2,0.0,0.0,4.0
2026-01-16 16:50:25.147549,Südbad Sauna,sauna,77.0,1,16,4,1,0,0,0,8.2,0.0,0.0,4.0
2026-01-16 16:50:25.147549,Westbad,pool,50.0,1,16,4,1,0,0,0,8.2,0.0,0.0,4.0
2026-01-16 16:50:25.147549,Westbad Sauna,sauna,75.0,1,16,4,1,0,0,0,8.2,0.0,0.0,4.0
2026-01-16 17:05:41.419981,Bad Giesing-Harlaching,pool,69.0,1,17,4,1,0,0,0,6.2,0.0,3.0,93.0
2026-01-16 17:05:41.419981,Cosimawellenbad,pool,77.0,1,17,4,1,0,0,0,6.2,0.0,3.0,93.0
2026-01-16 17:05:41.419981,Cosimawellenbad Sauna,sauna,90.0,1,17,4,1,0,0,0,6.2,0.0,3.0,93.0
2026-01-16 17:05:41.419981,Dantebad Sauna,sauna,51.0,1,17,4,1,0,0,0,6.2,0.0,3.0,93.0
2026-01-16 17:05:41.419981,Michaelibad,pool,57.0,1,17,4,1,0,0,0,6.2,0.0,3.0,93.0
2026-01-16 17:05:41.419981,Michaelibad Sauna,sauna,76.0,1,17,4,1,0,0,0,6.2,0.0,3.0,93.0
2026-01-16 17:05:41.419981,Müller'sches Volksbad,pool,70.0,1,17,4,1,0,0,0,6.2,0.0,3.0,93.0
2026-01-16 17:05:41.419981,Nordbad,pool,69.0,1,17,4,1,0,0,0,6.2,0.0,3.0,93.0
2026-01-16 17:05:41.419981,Nordbad Sauna,sauna,80.0,1,17,4,1,0,0,0,6.2,0.0,3.0,93.0
2026-01-16 17:05:41.419981,Südbad,pool,44.0,1,17,4,1,0,0,0,6.2,0.0,3.0,93.0
2026-01-16 17:05:41.419981,Südbad Sauna,sauna,78.0,1,17,4,1,0,0,0,6.2,0.0,3.0,93.0
2026-01-16 17:05:41.419981,Westbad,pool,48.0,1,17,4,1,0,0,0,6.2,0.0,3.0,93.0
2026-01-16 17:05:41.419981,Westbad Sauna,sauna,78.0,1,17,4,1,0,0,0,6.2,0.0,3.0,93.0
2026-01-16 17:24:22.807652,Bad Giesing-Harlaching,pool,71.0,1,17,4,1,0,0,0,6.2,0.0,3.0,93.0
2026-01-16 17:24:22.807652,Cosimawellenbad,pool,75.0,1,17,4,1,0,0,0,6.2,0.0,3.0,93.0
2026-01-16 17:24:22.807652,Cosimawellenbad Sauna,sauna,91.0,1,17,4,1,0,0,0,6.2,0.0,3.0,93.0
2026-01-16 17:24:22.807652,Dantebad Sauna,sauna,51.0,1,17,4,1,0,0,0,6.2,0.0,3.0,93.0
2026-01-16 17:24:22.807652,Michaelibad,pool,58.0,1,17,4,1,0,0,0,6.2,0.0,3.0,93.0
2026-01-16 17:24:22.807652,Michaelibad Sauna,sauna,77.0,1,17,4,1,0,0,0,6.2,0.0,3.0,93.0
2026-01-16 17:24:22.807652,Müller'sches Volksbad,pool,71.0,1,17,4,1,0,0,0,6.2,0.0,3.0,93.0
2026-01-16 17:24:22.807652,Nordbad,pool,69.0,1,17,4,1,0,0,0,6.2,0.0,3.0,93.0
2026-01-16 17:24:22.807652,Nordbad Sauna,sauna,78.0,1,17,4,1,0,0,0,6.2,0.0,3.0,93.0
2026-01-16 17:24:22.807652,Südbad,pool,44.0,1,17,4,1,0,0,0,6.2,0.0,3.0,93.0
2026-01-16 17:24:22.807652,Südbad Sauna,sauna,76.0,1,17,4,1,0,0,0,6.2,0.0,3.0,93.0
2026-01-16 17:24:22.807652,Westbad,pool,53.0,1,17,4,1,0,0,0,6.2,0.0,3.0,93.0
2026-01-16 17:24:22.807652,Westbad Sauna,sauna,70.0,1,17,4,1,0,0,0,6.2,0.0,3.0,93.0
2026-01-16 17:42:49.050003,Bad Giesing-Harlaching,pool,73.0,1,17,4,1,0,0,0,6.2,0.0,3.0,93.0
2026-01-16 17:42:49.050003,Cosimawellenbad,pool,72.0,1,17,4,1,0,0,0,6.2,0.0,3.0,93.0
2026-01-16 17:42:49.050003,Cosimawellenbad Sauna,sauna,91.0,1,17,4,1,0,0,0,6.2,0.0,3.0,93.0
2026-01-16 17:42:49.050003,Dantebad Sauna,sauna,53.0,1,17,4,1,0,0,0,6.2,0.0,3.0,93.0
2026-01-16 17:42:49.050003,Michaelibad,pool,56.0,1,17,4,1,0,0,0,6.2,0.0,3.0,93.0
2026-01-16 17:42:49.050003,Michaelibad Sauna,sauna,74.0,1,17,4,1,0,0,0,6.2,0.0,3.0,93.0
2026-01-16 17:42:49.050003,Müller'sches Volksbad,pool,71.0,1,17,4,1,0,0,0,6.2,0.0,3.0,93.0
2026-01-16 17:42:49.050003,Nordbad,pool,68.0,1,17,4,1,0,0,0,6.2,0.0,3.0,93.0
2026-01-16 17:42:49.050003,Nordbad Sauna,sauna,75.0,1,17,4,1,0,0,0,6.2,0.0,3.0,93.0
2026-01-16 17:42:49.050003,Südbad,pool,45.0,1,17,4,1,0,0,0,6.2,0.0,3.0,93.0
2026-01-16 17:42:49.050003,Südbad Sauna,sauna,77.0,1,17,4,1,0,0,0,6.2,0.0,3.0,93.0
2026-01-16 17:42:49.050003,Westbad,pool,52.0,1,17,4,1,0,0,0,6.2,0.0,3.0,93.0
2026-01-16 17:42:49.050003,Westbad Sauna,sauna,70.0,1,17,4,1,0,0,0,6.2,0.0,3.0,93.0
2026-01-16 17:56:03.151171,Bad Giesing-Harlaching,pool,65.0,1,17,4,1,0,0,0,6.2,0.0,3.0,93.0
2026-01-16 17:56:03.151171,Cosimawellenbad,pool,72.0,1,17,4,1,0,0,0,6.2,0.0,3.0,93.0
2026-01-16 17:56:03.151171,Cosimawellenbad Sauna,sauna,89.0,1,17,4,1,0,0,0,6.2,0.0,3.0,93.0
2026-01-16 17:56:03.151171,Dantebad Sauna,sauna,53.0,1,17,4,1,0,0,0,6.2,0.0,3.0,93.0
2026-01-16 17:56:03.151171,Michaelibad,pool,52.0,1,17,4,1,0,0,0,6.2,0.0,3.0,93.0
2026-01-16 17:56:03.151171,Michaelibad Sauna,sauna,74.0,1,17,4,1,0,0,0,6.2,0.0,3.0,93.0
2026-01-16 17:56:03.151171,Müller'sches Volksbad,pool,71.0,1,17,4,1,0,0,0,6.2,0.0,3.0,93.0
2026-01-16 17:56:03.151171,Nordbad,pool,66.0,1,17,4,1,0,0,0,6.2,0.0,3.0,93.0
2026-01-16 17:56:03.151171,Nordbad Sauna,sauna,77.0,1,17,4,1,0,0,0,6.2,0.0,3.0,93.0
2026-01-16 17:56:03.151171,Südbad,pool,45.0,1,17,4,1,0,0,0,6.2,0.0,3.0,93.0
2026-01-16 17:56:03.151171,Südbad Sauna,sauna,77.0,1,17,4,1,0,0,0,6.2,0.0,3.0,93.0
2026-01-16 17:56:03.151171,Westbad,pool,45.0,1,17,4,1,0,0,0,6.2,0.0,3.0,93.0
2026-01-16 17:56:03.151171,Westbad Sauna,sauna,70.0,1,17,4,1,0,0,0,6.2,0.0,3.0,93.0
2026-01-16 18:08:32.897868,Bad Giesing-Harlaching,pool,64.0,1,18,4,1,0,0,0,4.4,0.0,1.0,5.0
2026-01-16 18:08:32.897868,Cosimawellenbad,pool,73.0,1,18,4,1,0,0,0,4.4,0.0,1.0,5.0
2026-01-16 18:08:32.897868,Cosimawellenbad Sauna,sauna,87.0,1,18,4,1,0,0,0,4.4,0.0,1.0,5.0
2026-01-16 18:08:32.897868,Dantebad Sauna,sauna,53.0,1,18,4,1,0,0,0,4.4,0.0,1.0,5.0
2026-01-16 18:08:32.897868,Michaelibad,pool,51.0,1,18,4,1,0,0,0,4.4,0.0,1.0,5.0
2026-01-16 18:08:32.897868,Michaelibad Sauna,sauna,75.0,1,18,4,1,0,0,0,4.4,0.0,1.0,5.0
2026-01-16 18:08:32.897868,Müller'sches Volksbad,pool,71.0,1,18,4,1,0,0,0,4.4,0.0,1.0,5.0
2026-01-16 18:08:32.897868,Nordbad,pool,64.0,1,18,4,1,0,0,0,4.4,0.0,1.0,5.0
2026-01-16 18:08:32.897868,Nordbad Sauna,sauna,74.0,1,18,4,1,0,0,0,4.4,0.0,1.0,5.0
2026-01-16 18:08:32.897868,Südbad,pool,46.0,1,18,4,1,0,0,0,4.4,0.0,1.0,5.0
2026-01-16 18:08:32.897868,Südbad Sauna,sauna,73.0,1,18,4,1,0,0,0,4.4,0.0,1.0,5.0
2026-01-16 18:08:32.897868,Westbad,pool,47.0,1,18,4,1,0,0,0,4.4,0.0,1.0,5.0
2026-01-16 18:08:32.897868,Westbad Sauna,sauna,73.0,1,18,4,1,0,0,0,4.4,0.0,1.0,5.0
2026-01-16 18:23:34.365586,Bad Giesing-Harlaching,pool,69.0,1,18,4,1,0,0,0,4.4,0.0,1.0,5.0
2026-01-16 18:23:34.365586,Cosimawellenbad,pool,76.0,1,18,4,1,0,0,0,4.4,0.0,1.0,5.0
2026-01-16 18:23:34.365586,Cosimawellenbad Sauna,sauna,84.0,1,18,4,1,0,0,0,4.4,0.0,1.0,5.0
2026-01-16 18:23:34.365586,Dantebad Sauna,sauna,55.0,1,18,4,1,0,0,0,4.4,0.0,1.0,5.0
2026-01-16 18:23:34.365586,Michaelibad,pool,51.0,1,18,4,1,0,0,0,4.4,0.0,1.0,5.0
2026-01-16 18:23:34.365586,Michaelibad Sauna,sauna,75.0,1,18,4,1,0,0,0,4.4,0.0,1.0,5.0
2026-01-16 18:23:34.365586,Müller'sches Volksbad,pool,70.0,1,18,4,1,0,0,0,4.4,0.0,1.0,5.0
2026-01-16 18:23:34.365586,Nordbad,pool,65.0,1,18,4,1,0,0,0,4.4,0.0,1.0,5.0
2026-01-16 18:23:34.365586,Nordbad Sauna,sauna,76.0,1,18,4,1,0,0,0,4.4,0.0,1.0,5.0
2026-01-16 18:23:34.365586,Südbad,pool,50.0,1,18,4,1,0,0,0,4.4,0.0,1.0,5.0
2026-01-16 18:23:34.365586,Südbad Sauna,sauna,75.0,1,18,4,1,0,0,0,4.4,0.0,1.0,5.0
2026-01-16 18:23:34.365586,Westbad,pool,57.0,1,18,4,1,0,0,0,4.4,0.0,1.0,5.0
2026-01-16 18:23:34.365586,Westbad Sauna,sauna,68.0,1,18,4,1,0,0,0,4.4,0.0,1.0,5.0
2026-01-16 18:38:44.391443,Bad Giesing-Harlaching,pool,71.0,1,18,4,1,0,0,0,4.4,0.0,1.0,5.0
2026-01-16 18:38:44.391443,Cosimawellenbad,pool,78.0,1,18,4,1,0,0,0,4.4,0.0,1.0,5.0
2026-01-16 18:38:44.391443,Cosimawellenbad Sauna,sauna,86.0,1,18,4,1,0,0,0,4.4,0.0,1.0,5.0
2026-01-16 18:38:44.391443,Dantebad Sauna,sauna,59.0,1,18,4,1,0,0,0,4.4,0.0,1.0,5.0
2026-01-16 18:38:44.391443,Michaelibad,pool,55.0,1,18,4,1,0,0,0,4.4,0.0,1.0,5.0
2026-01-16 18:38:44.391443,Michaelibad Sauna,sauna,79.0,1,18,4,1,0,0,0,4.4,0.0,1.0,5.0
2026-01-16 18:38:44.391443,Müller'sches Volksbad,pool,70.0,1,18,4,1,0,0,0,4.4,0.0,1.0,5.0
2026-01-16 18:38:44.391443,Nordbad,pool,64.0,1,18,4,1,0,0,0,4.4,0.0,1.0,5.0
2026-01-16 18:38:44.391443,Nordbad Sauna,sauna,75.0,1,18,4,1,0,0,0,4.4,0.0,1.0,5.0
2026-01-16 18:38:44.391443,Südbad,pool,53.0,1,18,4,1,0,0,0,4.4,0.0,1.0,5.0
2026-01-16 18:38:44.391443,Südbad Sauna,sauna,76.0,1,18,4,1,0,0,0,4.4,0.0,1.0,5.0
2026-01-16 18:38:44.391443,Westbad,pool,62.0,1,18,4,1,0,0,0,4.4,0.0,1.0,5.0
2026-01-16 18:38:44.391443,Westbad Sauna,sauna,68.0,1,18,4,1,0,0,0,4.4,0.0,1.0,5.0
2026-01-16 18:50:56.156186,Bad Giesing-Harlaching,pool,69.0,1,18,4,1,0,0,0,4.4,0.0,1.0,5.0
2026-01-16 18:50:56.156186,Cosimawellenbad,pool,78.0,1,18,4,1,0,0,0,4.4,0.0,1.0,5.0
2026-01-16 18:50:56.156186,Cosimawellenbad Sauna,sauna,85.0,1,18,4,1,0,0,0,4.4,0.0,1.0,5.0
2026-01-16 18:50:56.156186,Dantebad Sauna,sauna,59.0,1,18,4,1,0,0,0,4.4,0.0,1.0,5.0
2026-01-16 18:50:56.156186,Michaelibad,pool,54.0,1,18,4,1,0,0,0,4.4,0.0,1.0,5.0
2026-01-16 18:50:56.156186,Michaelibad Sauna,sauna,82.0,1,18,4,1,0,0,0,4.4,0.0,1.0,5.0
2026-01-16 18:50:56.156186,Müller'sches Volksbad,pool,72.0,1,18,4,1,0,0,0,4.4,0.0,1.0,5.0
2026-01-16 18:50:56.156186,Nordbad,pool,68.0,1,18,4,1,0,0,0,4.4,0.0,1.0,5.0
2026-01-16 18:50:56.156186,Nordbad Sauna,sauna,76.0,1,18,4,1,0,0,0,4.4,0.0,1.0,5.0
2026-01-16 18:50:56.156186,Südbad,pool,53.0,1,18,4,1,0,0,0,4.4,0.0,1.0,5.0
2026-01-16 18:50:56.156186,Südbad Sauna,sauna,76.0,1,18,4,1,0,0,0,4.4,0.0,1.0,5.0
2026-01-16 18:50:56.156186,Westbad,pool,59.0,1,18,4,1,0,0,0,4.4,0.0,1.0,5.0
2026-01-16 18:50:56.156186,Westbad Sauna,sauna,72.0,1,18,4,1,0,0,0,4.4,0.0,1.0,5.0
2026-01-16 19:05:53.650763,Bad Giesing-Harlaching,pool,68.0,1,19,4,1,0,0,0,3.9,0.0,1.0,60.0
2026-01-16 19:05:53.650763,Cosimawellenbad,pool,78.0,1,19,4,1,0,0,0,3.9,0.0,1.0,60.0
2026-01-16 19:05:53.650763,Cosimawellenbad Sauna,sauna,86.0,1,19,4,1,0,0,0,3.9,0.0,1.0,60.0
2026-01-16 19:05:53.650763,Dantebad Sauna,sauna,51.0,1,19,4,1,0,0,0,3.9,0.0,1.0,60.0
2026-01-16 19:05:53.650763,Michaelibad,pool,55.0,1,19,4,1,0,0,0,3.9,0.0,1.0,60.0
2026-01-16 19:05:53.650763,Michaelibad Sauna,sauna,79.0,1,19,4,1,0,0,0,3.9,0.0,1.0,60.0
2026-01-16 19:05:53.650763,Müller'sches Volksbad,pool,73.0,1,19,4,1,0,0,0,3.9,0.0,1.0,60.0
2026-01-16 19:05:53.650763,Nordbad,pool,68.0,1,19,4,1,0,0,0,3.9,0.0,1.0,60.0
2026-01-16 19:05:53.650763,Nordbad Sauna,sauna,75.0,1,19,4,1,0,0,0,3.9,0.0,1.0,60.0
2026-01-16 19:05:53.650763,Südbad,pool,55.0,1,19,4,1,0,0,0,3.9,0.0,1.0,60.0
2026-01-16 19:05:53.650763,Südbad Sauna,sauna,73.0,1,19,4,1,0,0,0,3.9,0.0,1.0,60.0
2026-01-16 19:05:53.650763,Westbad,pool,60.0,1,19,4,1,0,0,0,3.9,0.0,1.0,60.0
2026-01-16 19:05:53.650763,Westbad Sauna,sauna,72.0,1,19,4,1,0,0,0,3.9,0.0,1.0,60.0
2026-01-16 19:24:29.942447,Bad Giesing-Harlaching,pool,75.0,1,19,4,1,0,0,0,3.9,0.0,1.0,60.0
2026-01-16 19:24:29.942447,Cosimawellenbad,pool,79.0,1,19,4,1,0,0,0,3.9,0.0,1.0,60.0
2026-01-16 19:24:29.942447,Cosimawellenbad Sauna,sauna,86.0,1,19,4,1,0,0,0,3.9,0.0,1.0,60.0
2026-01-16 19:24:29.942447,Dantebad Sauna,sauna,53.0,1,19,4,1,0,0,0,3.9,0.0,1.0,60.0
2026-01-16 19:24:29.942447,Michaelibad,pool,58.0,1,19,4,1,0,0,0,3.9,0.0,1.0,60.0
2026-01-16 19:24:29.942447,Michaelibad Sauna,sauna,83.0,1,19,4,1,0,0,0,3.9,0.0,1.0,60.0
2026-01-16 19:24:29.942447,Müller'sches Volksbad,pool,73.0,1,19,4,1,0,0,0,3.9,0.0,1.0,60.0
2026-01-16 19:24:29.942447,Nordbad,pool,69.0,1,19,4,1,0,0,0,3.9,0.0,1.0,60.0
2026-01-16 19:24:29.942447,Nordbad Sauna,sauna,78.0,1,19,4,1,0,0,0,3.9,0.0,1.0,60.0
2026-01-16 19:24:29.942447,Südbad,pool,57.0,1,19,4,1,0,0,0,3.9,0.0,1.0,60.0
2026-01-16 19:24:29.942447,Südbad Sauna,sauna,75.0,1,19,4,1,0,0,0,3.9,0.0,1.0,60.0
2026-01-16 19:24:29.942447,Westbad,pool,63.0,1,19,4,1,0,0,0,3.9,0.0,1.0,60.0
2026-01-16 19:24:29.942447,Westbad Sauna,sauna,65.0,1,19,4,1,0,0,0,3.9,0.0,1.0,60.0
2026-01-16 19:44:39.469641,Bad Giesing-Harlaching,pool,79.0,1,19,4,1,0,0,0,3.9,0.0,1.0,60.0
2026-01-16 19:44:39.469641,Cosimawellenbad,pool,80.0,1,19,4,1,0,0,0,3.9,0.0,1.0,60.0
2026-01-16 19:44:39.469641,Cosimawellenbad Sauna,sauna,87.0,1,19,4,1,0,0,0,3.9,0.0,1.0,60.0
2026-01-16 19:44:39.469641,Dantebad Sauna,sauna,57.0,1,19,4,1,0,0,0,3.9,0.0,1.0,60.0
2026-01-16 19:44:39.469641,Michaelibad,pool,60.0,1,19,4,1,0,0,0,3.9,0.0,1.0,60.0
2026-01-16 19:44:39.469641,Michaelibad Sauna,sauna,86.0,1,19,4,1,0,0,0,3.9,0.0,1.0,60.0
2026-01-16 19:44:39.469641,Müller'sches Volksbad,pool,71.0,1,19,4,1,0,0,0,3.9,0.0,1.0,60.0
2026-01-16 19:44:39.469641,Nordbad,pool,74.0,1,19,4,1,0,0,0,3.9,0.0,1.0,60.0
2026-01-16 19:44:39.469641,Nordbad Sauna,sauna,79.0,1,19,4,1,0,0,0,3.9,0.0,1.0,60.0
2026-01-16 19:44:39.469641,Südbad,pool,58.0,1,19,4,1,0,0,0,3.9,0.0,1.0,60.0
2026-01-16 19:44:39.469641,Südbad Sauna,sauna,80.0,1,19,4,1,0,0,0,3.9,0.0,1.0,60.0
2026-01-16 19:44:39.469641,Westbad,pool,70.0,1,19,4,1,0,0,0,3.9,0.0,1.0,60.0
2026-01-16 19:44:39.469641,Westbad Sauna,sauna,70.0,1,19,4,1,0,0,0,3.9,0.0,1.0,60.0
2026-01-16 19:57:43.392968,Bad Giesing-Harlaching,pool,80.0,1,19,4,1,0,0,0,3.9,0.0,1.0,60.0
2026-01-16 19:57:43.392968,Cosimawellenbad,pool,80.0,1,19,4,1,0,0,0,3.9,0.0,1.0,60.0
2026-01-16 19:57:43.392968,Cosimawellenbad Sauna,sauna,70.0,1,19,4,1,0,0,0,3.9,0.0,1.0,60.0
2026-01-16 19:57:43.392968,Dantebad Sauna,sauna,35.0,1,19,4,1,0,0,0,3.9,0.0,1.0,60.0
2026-01-16 19:57:43.392968,Michaelibad,pool,60.0,1,19,4,1,0,0,0,3.9,0.0,1.0,60.0
2026-01-16 19:57:43.392968,Michaelibad Sauna,sauna,73.0,1,19,4,1,0,0,0,3.9,0.0,1.0,60.0
2026-01-16 19:57:43.392968,Müller'sches Volksbad,pool,72.0,1,19,4,1,0,0,0,3.9,0.0,1.0,60.0
2026-01-16 19:57:43.392968,Nordbad,pool,76.0,1,19,4,1,0,0,0,3.9,0.0,1.0,60.0
2026-01-16 19:57:43.392968,Nordbad Sauna,sauna,68.0,1,19,4,1,0,0,0,3.9,0.0,1.0,60.0
2026-01-16 19:57:43.392968,Südbad,pool,57.0,1,19,4,1,0,0,0,3.9,0.0,1.0,60.0
2026-01-16 19:57:43.392968,Südbad Sauna,sauna,58.0,1,19,4,1,0,0,0,3.9,0.0,1.0,60.0
2026-01-16 19:57:43.392968,Westbad,pool,70.0,1,19,4,1,0,0,0,3.9,0.0,1.0,60.0
2026-01-16 19:57:43.392968,Westbad Sauna,sauna,55.0,1,19,4,1,0,0,0,3.9,0.0,1.0,60.0
2026-01-16 20:09:20.433884,Bad Giesing-Harlaching,pool,81.0,1,20,4,1,0,0,0,2.5,0.0,2.0,38.0
2026-01-16 20:09:20.433884,Cosimawellenbad,pool,82.0,1,20,4,1,0,0,0,2.5,0.0,2.0,38.0
2026-01-16 20:09:20.433884,Cosimawellenbad Sauna,sauna,68.0,1,20,4,1,0,0,0,2.5,0.0,2.0,38.0
2026-01-16 20:09:20.433884,Dantebad Sauna,sauna,39.0,1,20,4,1,0,0,0,2.5,0.0,2.0,38.0
2026-01-16 20:09:20.433884,Michaelibad,pool,59.0,1,20,4,1,0,0,0,2.5,0.0,2.0,38.0
2026-01-16 20:09:20.433884,Michaelibad Sauna,sauna,70.0,1,20,4,1,0,0,0,2.5,0.0,2.0,38.0
2026-01-16 20:09:20.433884,Müller'sches Volksbad,pool,74.0,1,20,4,1,0,0,0,2.5,0.0,2.0,38.0
2026-01-16 20:09:20.433884,Nordbad,pool,77.0,1,20,4,1,0,0,0,2.5,0.0,2.0,38.0
2026-01-16 20:09:20.433884,Nordbad Sauna,sauna,65.0,1,20,4,1,0,0,0,2.5,0.0,2.0,38.0
2026-01-16 20:09:20.433884,Südbad,pool,58.0,1,20,4,1,0,0,0,2.5,0.0,2.0,38.0
2026-01-16 20:09:20.433884,Südbad Sauna,sauna,55.0,1,20,4,1,0,0,0,2.5,0.0,2.0,38.0
2026-01-16 20:09:20.433884,Westbad,pool,71.0,1,20,4,1,0,0,0,2.5,0.0,2.0,38.0
2026-01-16 20:09:20.433884,Westbad Sauna,sauna,45.0,1,20,4,1,0,0,0,2.5,0.0,2.0,38.0
2026-01-16 20:22:39.148848,Bad Giesing-Harlaching,pool,87.0,1,20,4,1,0,0,0,2.5,0.0,2.0,38.0
2026-01-16 20:22:39.148848,Cosimawellenbad,pool,84.0,1,20,4,1,0,0,0,2.5,0.0,2.0,38.0
2026-01-16 20:22:39.148848,Cosimawellenbad Sauna,sauna,67.0,1,20,4,1,0,0,0,2.5,0.0,2.0,38.0
2026-01-16 20:22:39.148848,Dantebad Sauna,sauna,35.0,1,20,4,1,0,0,0,2.5,0.0,2.0,38.0
2026-01-16 20:22:39.148848,Michaelibad,pool,60.0,1,20,4,1,0,0,0,2.5,0.0,2.0,38.0
2026-01-16 20:22:39.148848,Michaelibad Sauna,sauna,71.0,1,20,4,1,0,0,0,2.5,0.0,2.0,38.0
2026-01-16 20:22:39.148848,Müller'sches Volksbad,pool,74.0,1,20,4,1,0,0,0,2.5,0.0,2.0,38.0
2026-01-16 20:22:39.148848,Nordbad,pool,79.0,1,20,4,1,0,0,0,2.5,0.0,2.0,38.0
2026-01-16 20:22:39.148848,Nordbad Sauna,sauna,64.0,1,20,4,1,0,0,0,2.5,0.0,2.0,38.0
2026-01-16 20:22:39.148848,Südbad,pool,58.0,1,20,4,1,0,0,0,2.5,0.0,2.0,38.0
2026-01-16 20:22:39.148848,Südbad Sauna,sauna,55.0,1,20,4,1,0,0,0,2.5,0.0,2.0,38.0
2026-01-16 20:22:39.148848,Westbad,pool,76.0,1,20,4,1,0,0,0,2.5,0.0,2.0,38.0
2026-01-16 20:22:39.148848,Westbad Sauna,sauna,37.0,1,20,4,1,0,0,0,2.5,0.0,2.0,38.0
2026-01-16 20:33:18.864870,Bad Giesing-Harlaching,pool,90.0,1,20,4,1,0,0,0,2.5,0.0,2.0,38.0
2026-01-16 20:33:18.864870,Cosimawellenbad,pool,85.0,1,20,4,1,0,0,0,2.5,0.0,2.0,38.0
2026-01-16 20:33:18.864870,Cosimawellenbad Sauna,sauna,65.0,1,20,4,1,0,0,0,2.5,0.0,2.0,38.0
2026-01-16 20:33:18.864870,Dantebad Sauna,sauna,37.0,1,20,4,1,0,0,0,2.5,0.0,2.0,38.0
2026-01-16 20:33:18.864870,Michaelibad,pool,64.0,1,20,4,1,0,0,0,2.5,0.0,2.0,38.0
2026-01-16 20:33:18.864870,Michaelibad Sauna,sauna,71.0,1,20,4,1,0,0,0,2.5,0.0,2.0,38.0
2026-01-16 20:33:18.864870,Müller'sches Volksbad,pool,74.0,1,20,4,1,0,0,0,2.5,0.0,2.0,38.0
2026-01-16 20:33:18.864870,Nordbad,pool,77.0,1,20,4,1,0,0,0,2.5,0.0,2.0,38.0
2026-01-16 20:33:18.864870,Nordbad Sauna,sauna,67.0,1,20,4,1,0,0,0,2.5,0.0,2.0,38.0
2026-01-16 20:33:18.864870,Südbad,pool,59.0,1,20,4,1,0,0,0,2.5,0.0,2.0,38.0
2026-01-16 20:33:18.864870,Südbad Sauna,sauna,49.0,1,20,4,1,0,0,0,2.5,0.0,2.0,38.0
2026-01-16 20:33:18.864870,Westbad,pool,80.0,1,20,4,1,0,0,0,2.5,0.0,2.0,38.0
2026-01-16 20:33:18.864870,Westbad Sauna,sauna,28.0,1,20,4,1,0,0,0,2.5,0.0,2.0,38.0
2026-01-16 20:47:38.421953,Bad Giesing-Harlaching,pool,86.0,1,20,4,1,0,0,0,2.5,0.0,2.0,38.0
2026-01-16 20:47:38.421953,Cosimawellenbad,pool,86.0,1,20,4,1,0,0,0,2.5,0.0,2.0,38.0
2026-01-16 20:47:38.421953,Cosimawellenbad Sauna,sauna,65.0,1,20,4,1,0,0,0,2.5,0.0,2.0,38.0
2026-01-16 20:47:38.421953,Dantebad Sauna,sauna,38.0,1,20,4,1,0,0,0,2.5,0.0,2.0,38.0
2026-01-16 20:47:38.421953,Michaelibad,pool,65.0,1,20,4,1,0,0,0,2.5,0.0,2.0,38.0
2026-01-16 20:47:38.421953,Michaelibad Sauna,sauna,66.0,1,20,4,1,0,0,0,2.5,0.0,2.0,38.0
2026-01-16 20:47:38.421953,Müller'sches Volksbad,pool,76.0,1,20,4,1,0,0,0,2.5,0.0,2.0,38.0
2026-01-16 20:47:38.421953,Nordbad,pool,78.0,1,20,4,1,0,0,0,2.5,0.0,2.0,38.0
2026-01-16 20:47:38.421953,Nordbad Sauna,sauna,67.0,1,20,4,1,0,0,0,2.5,0.0,2.0,38.0
2026-01-16 20:47:38.421953,Südbad,pool,60.0,1,20,4,1,0,0,0,2.5,0.0,2.0,38.0
2026-01-16 20:47:38.421953,Südbad Sauna,sauna,49.0,1,20,4,1,0,0,0,2.5,0.0,2.0,38.0
2026-01-16 20:47:38.421953,Westbad,pool,79.0,1,20,4,1,0,0,0,2.5,0.0,2.0,38.0
2026-01-16 20:47:38.421953,Westbad Sauna,sauna,32.0,1,20,4,1,0,0,0,2.5,0.0,2.0,38.0
2026-01-16 21:04:25.930740,Bad Giesing-Harlaching,pool,91.0,1,21,4,1,0,0,0,0.9,0.0,0.0,4.0
2026-01-16 21:04:25.930740,Cosimawellenbad,pool,89.0,1,21,4,1,0,0,0,0.9,0.0,0.0,4.0
2026-01-16 21:04:25.930740,Cosimawellenbad Sauna,sauna,66.0,1,21,4,1,0,0,0,0.9,0.0,0.0,4.0
2026-01-16 21:04:25.930740,Dantebad Sauna,sauna,40.0,1,21,4,1,0,0,0,0.9,0.0,0.0,4.0
2026-01-16 21:04:25.930740,Michaelibad,pool,66.0,1,21,4,1,0,0,0,0.9,0.0,0.0,4.0
2026-01-16 21:04:25.930740,Michaelibad Sauna,sauna,64.0,1,21,4,1,0,0,0,0.9,0.0,0.0,4.0
2026-01-16 21:04:25.930740,Müller'sches Volksbad,pool,78.0,1,21,4,1,0,0,0,0.9,0.0,0.0,4.0
2026-01-16 21:04:25.930740,Nordbad,pool,78.0,1,21,4,1,0,0,0,0.9,0.0,0.0,4.0
2026-01-16 21:04:25.930740,Nordbad Sauna,sauna,68.0,1,21,4,1,0,0,0,0.9,0.0,0.0,4.0
2026-01-16 21:04:25.930740,Südbad,pool,61.0,1,21,4,1,0,0,0,0.9,0.0,0.0,4.0
2026-01-16 21:04:25.930740,Südbad Sauna,sauna,52.0,1,21,4,1,0,0,0,0.9,0.0,0.0,4.0
2026-01-16 21:04:25.930740,Westbad,pool,79.0,1,21,4,1,0,0,0,0.9,0.0,0.0,4.0
2026-01-16 21:04:25.930740,Westbad Sauna,sauna,23.0,1,21,4,1,0,0,0,0.9,0.0,0.0,4.0
2026-01-16 21:23:13.620625,Bad Giesing-Harlaching,pool,92.0,1,21,4,1,0,0,0,0.9,0.0,0.0,4.0
2026-01-16 21:23:13.620625,Cosimawellenbad,pool,91.0,1,21,4,1,0,0,0,0.9,0.0,0.0,4.0
2026-01-16 21:23:13.620625,Cosimawellenbad Sauna,sauna,65.0,1,21,4,1,0,0,0,0.9,0.0,0.0,4.0
2026-01-16 21:23:13.620625,Dantebad Sauna,sauna,43.0,1,21,4,1,0,0,0,0.9,0.0,0.0,4.0
2026-01-16 21:23:13.620625,Michaelibad,pool,71.0,1,21,4,1,0,0,0,0.9,0.0,0.0,4.0
2026-01-16 21:23:13.620625,Michaelibad Sauna,sauna,67.0,1,21,4,1,0,0,0,0.9,0.0,0.0,4.0
2026-01-16 21:23:13.620625,Müller'sches Volksbad,pool,80.0,1,21,4,1,0,0,0,0.9,0.0,0.0,4.0
2026-01-16 21:23:13.620625,Nordbad,pool,81.0,1,21,4,1,0,0,0,0.9,0.0,0.0,4.0
2026-01-16 21:23:13.620625,Nordbad Sauna,sauna,71.0,1,21,4,1,0,0,0,0.9,0.0,0.0,4.0
2026-01-16 21:23:13.620625,Südbad,pool,66.0,1,21,4,1,0,0,0,0.9,0.0,0.0,4.0
2026-01-16 21:23:13.620625,Südbad Sauna,sauna,54.0,1,21,4,1,0,0,0,0.9,0.0,0.0,4.0
2026-01-16 21:23:13.620625,Westbad,pool,82.0,1,21,4,1,0,0,0,0.9,0.0,0.0,4.0
2026-01-16 21:23:13.620625,Westbad Sauna,sauna,25.0,1,21,4,1,0,0,0,0.9,0.0,0.0,4.0
2026-01-16 21:36:10.090570,Bad Giesing-Harlaching,pool,93.0,1,21,4,1,0,0,0,0.9,0.0,0.0,4.0
2026-01-16 21:36:10.090570,Cosimawellenbad,pool,93.0,1,21,4,1,0,0,0,0.9,0.0,0.0,4.0
2026-01-16 21:36:10.090570,Cosimawellenbad Sauna,sauna,68.0,1,21,4,1,0,0,0,0.9,0.0,0.0,4.0
2026-01-16 21:36:10.090570,Dantebad Sauna,sauna,47.0,1,21,4,1,0,0,0,0.9,0.0,0.0,4.0
2026-01-16 21:36:10.090570,Michaelibad,pool,74.0,1,21,4,1,0,0,0,0.9,0.0,0.0,4.0
2026-01-16 21:36:10.090570,Michaelibad Sauna,sauna,71.0,1,21,4,1,0,0,0,0.9,0.0,0.0,4.0
2026-01-16 21:36:10.090570,Müller'sches Volksbad,pool,79.0,1,21,4,1,0,0,0,0.9,0.0,0.0,4.0
2026-01-16 21:36:10.090570,Nordbad,pool,81.0,1,21,4,1,0,0,0,0.9,0.0,0.0,4.0
2026-01-16 21:36:10.090570,Nordbad Sauna,sauna,73.0,1,21,4,1,0,0,0,0.9,0.0,0.0,4.0
2026-01-16 21:36:10.090570,Südbad,pool,68.0,1,21,4,1,0,0,0,0.9,0.0,0.0,4.0
2026-01-16 21:36:10.090570,Südbad Sauna,sauna,59.0,1,21,4,1,0,0,0,0.9,0.0,0.0,4.0
2026-01-16 21:36:10.090570,Westbad,pool,85.0,1,21,4,1,0,0,0,0.9,0.0,0.0,4.0
2026-01-16 21:36:10.090570,Westbad Sauna,sauna,25.0,1,21,4,1,0,0,0,0.9,0.0,0.0,4.0
2026-01-16 21:49:19.733300,Bad Giesing-Harlaching,pool,93.0,1,21,4,1,0,0,0,0.9,0.0,0.0,4.0
2026-01-16 21:49:19.733300,Cosimawellenbad,pool,94.0,1,21,4,1,0,0,0,0.9,0.0,0.0,4.0
2026-01-16 21:49:19.733300,Cosimawellenbad Sauna,sauna,68.0,1,21,4,1,0,0,0,0.9,0.0,0.0,4.0
2026-01-16 21:49:19.733300,Dantebad Sauna,sauna,57.0,1,21,4,1,0,0,0,0.9,0.0,0.0,4.0
2026-01-16 21:49:19.733300,Michaelibad,pool,77.0,1,21,4,1,0,0,0,0.9,0.0,0.0,4.0
2026-01-16 21:49:19.733300,Michaelibad Sauna,sauna,72.0,1,21,4,1,0,0,0,0.9,0.0,0.0,4.0
2026-01-16 21:49:19.733300,Müller'sches Volksbad,pool,82.0,1,21,4,1,0,0,0,0.9,0.0,0.0,4.0
2026-01-16 21:49:19.733300,Nordbad,pool,85.0,1,21,4,1,0,0,0,0.9,0.0,0.0,4.0
2026-01-16 21:49:19.733300,Nordbad Sauna,sauna,75.0,1,21,4,1,0,0,0,0.9,0.0,0.0,4.0
2026-01-16 21:49:19.733300,Südbad,pool,71.0,1,21,4,1,0,0,0,0.9,0.0,0.0,4.0
2026-01-16 21:49:19.733300,Südbad Sauna,sauna,64.0,1,21,4,1,0,0,0,0.9,0.0,0.0,4.0
2026-01-16 21:49:19.733300,Westbad,pool,87.0,1,21,4,1,0,0,0,0.9,0.0,0.0,4.0
2026-01-16 21:49:19.733300,Westbad Sauna,sauna,25.0,1,21,4,1,0,0,0,0.9,0.0,0.0,4.0
2026-01-16 22:04:23.706131,Bad Giesing-Harlaching,pool,99.0,1,22,4,1,0,0,0,-0.3,0.0,1.0,55.0
2026-01-16 22:04:23.706131,Cosimawellenbad,pool,94.0,1,22,4,1,0,0,0,-0.3,0.0,1.0,55.0
2026-01-16 22:04:23.706131,Cosimawellenbad Sauna,sauna,69.0,1,22,4,1,0,0,0,-0.3,0.0,1.0,55.0
2026-01-16 22:04:23.706131,Dantebad Sauna,sauna,61.0,1,22,4,1,0,0,0,-0.3,0.0,1.0,55.0
2026-01-16 22:04:23.706131,Michaelibad,pool,84.0,1,22,4,1,0,0,0,-0.3,0.0,1.0,55.0
2026-01-16 22:04:23.706131,Michaelibad Sauna,sauna,73.0,1,22,4,1,0,0,0,-0.3,0.0,1.0,55.0
2026-01-16 22:04:23.706131,Müller'sches Volksbad,pool,85.0,1,22,4,1,0,0,0,-0.3,0.0,1.0,55.0
2026-01-16 22:04:23.706131,Nordbad,pool,86.0,1,22,4,1,0,0,0,-0.3,0.0,1.0,55.0
2026-01-16 22:04:23.706131,Nordbad Sauna,sauna,79.0,1,22,4,1,0,0,0,-0.3,0.0,1.0,55.0
2026-01-16 22:04:23.706131,Südbad,pool,74.0,1,22,4,1,0,0,0,-0.3,0.0,1.0,55.0
2026-01-16 22:04:23.706131,Südbad Sauna,sauna,68.0,1,22,4,1,0,0,0,-0.3,0.0,1.0,55.0
2026-01-16 22:04:23.706131,Westbad,pool,90.0,1,22,4,1,0,0,0,-0.3,0.0,1.0,55.0
2026-01-16 22:04:23.706131,Westbad Sauna,sauna,25.0,1,22,4,1,0,0,0,-0.3,0.0,1.0,55.0
2026-01-16 22:23:33.787176,Bad Giesing-Harlaching,pool,99.0,1,22,4,1,0,0,0,-0.3,0.0,1.0,55.0
2026-01-16 22:23:33.787176,Cosimawellenbad,pool,95.0,1,22,4,1,0,0,0,-0.3,0.0,1.0,55.0
2026-01-16 22:23:33.787176,Cosimawellenbad Sauna,sauna,74.0,1,22,4,1,0,0,0,-0.3,0.0,1.0,55.0
2026-01-16 22:23:33.787176,Dantebad Sauna,sauna,67.0,1,22,4,1,0,0,0,-0.3,0.0,1.0,55.0
2026-01-16 22:23:33.787176,Michaelibad,pool,87.0,1,22,4,1,0,0,0,-0.3,0.0,1.0,55.0
2026-01-16 22:23:33.787176,Michaelibad Sauna,sauna,75.0,1,22,4,1,0,0,0,-0.3,0.0,1.0,55.0
2026-01-16 22:23:33.787176,Müller'sches Volksbad,pool,87.0,1,22,4,1,0,0,0,-0.3,0.0,1.0,55.0
2026-01-16 22:23:33.787176,Nordbad,pool,87.0,1,22,4,1,0,0,0,-0.3,0.0,1.0,55.0
2026-01-16 22:23:33.787176,Nordbad Sauna,sauna,81.0,1,22,4,1,0,0,0,-0.3,0.0,1.0,55.0
2026-01-16 22:23:33.787176,Südbad,pool,79.0,1,22,4,1,0,0,0,-0.3,0.0,1.0,55.0
2026-01-16 22:23:33.787176,Südbad Sauna,sauna,74.0,1,22,4,1,0,0,0,-0.3,0.0,1.0,55.0
2026-01-16 22:23:33.787176,Westbad,pool,96.0,1,22,4,1,0,0,0,-0.3,0.0,1.0,55.0
2026-01-16 22:23:33.787176,Westbad Sauna,sauna,37.0,1,22,4,1,0,0,0,-0.3,0.0,1.0,55.0
2026-01-16 22:36:02.094538,Bad Giesing-Harlaching,pool,99.0,1,22,4,1,0,0,0,-0.3,0.0,1.0,55.0
2026-01-16 22:36:02.094538,Cosimawellenbad,pool,95.0,1,22,4,1,0,0,0,-0.3,0.0,1.0,55.0
2026-01-16 22:36:02.094538,Cosimawellenbad Sauna,sauna,77.0,1,22,4,1,0,0,0,-0.3,0.0,1.0,55.0
2026-01-16 22:36:02.094538,Dantebad Sauna,sauna,76.0,1,22,4,1,0,0,0,-0.3,0.0,1.0,55.0
2026-01-16 22:36:02.094538,Michaelibad,pool,90.0,1,22,4,1,0,0,0,-0.3,0.0,1.0,55.0
2026-01-16 22:36:02.094538,Michaelibad Sauna,sauna,79.0,1,22,4,1,0,0,0,-0.3,0.0,1.0,55.0
2026-01-16 22:36:02.094538,Müller'sches Volksbad,pool,88.0,1,22,4,1,0,0,0,-0.3,0.0,1.0,55.0
2026-01-16 22:36:02.094538,Nordbad,pool,93.0,1,22,4,1,0,0,0,-0.3,0.0,1.0,55.0
2026-01-16 22:36:02.094538,Nordbad Sauna,sauna,86.0,1,22,4,1,0,0,0,-0.3,0.0,1.0,55.0
2026-01-16 22:36:02.094538,Südbad,pool,82.0,1,22,4,1,0,0,0,-0.3,0.0,1.0,55.0
2026-01-16 22:36:02.094538,Südbad Sauna,sauna,87.0,1,22,4,1,0,0,0,-0.3,0.0,1.0,55.0
2026-01-16 22:36:02.094538,Westbad,pool,97.0,1,22,4,1,0,0,0,-0.3,0.0,1.0,55.0
2026-01-16 22:36:02.094538,Westbad Sauna,sauna,38.0,1,22,4,1,0,0,0,-0.3,0.0,1.0,55.0
2026-01-16 22:48:51.516925,Bad Giesing-Harlaching,pool,99.0,1,22,4,1,0,0,0,-0.3,0.0,1.0,55.0
2026-01-16 22:48:51.516925,Cosimawellenbad,pool,97.0,1,22,4,1,0,0,0,-0.3,0.0,1.0,55.0
2026-01-16 22:48:51.516925,Cosimawellenbad Sauna,sauna,87.0,1,22,4,1,0,0,0,-0.3,0.0,1.0,55.0
2026-01-16 22:48:51.516925,Dantebad Sauna,sauna,87.0,1,22,4,1,0,0,0,-0.3,0.0,1.0,55.0
2026-01-16 22:48:51.516925,Michaelibad,pool,93.0,1,22,4,1,0,0,0,-0.3,0.0,1.0,55.0
2026-01-16 22:48:51.516925,Michaelibad Sauna,sauna,87.0,1,22,4,1,0,0,0,-0.3,0.0,1.0,55.0
2026-01-16 22:48:51.516925,Müller'sches Volksbad,pool,91.0,1,22,4,1,0,0,0,-0.3,0.0,1.0,55.0
2026-01-16 22:48:51.516925,Nordbad,pool,95.0,1,22,4,1,0,0,0,-0.3,0.0,1.0,55.0
2026-01-16 22:48:51.516925,Nordbad Sauna,sauna,90.0,1,22,4,1,0,0,0,-0.3,0.0,1.0,55.0
2026-01-16 22:48:51.516925,Südbad,pool,85.0,1,22,4,1,0,0,0,-0.3,0.0,1.0,55.0
2026-01-16 22:48:51.516925,Südbad Sauna,sauna,96.0,1,22,4,1,0,0,0,-0.3,0.0,1.0,55.0
2026-01-16 22:48:51.516925,Westbad,pool,97.0,1,22,4,1,0,0,0,-0.3,0.0,1.0,55.0
2026-01-16 22:48:51.516925,Westbad Sauna,sauna,50.0,1,22,4,1,0,0,0,-0.3,0.0,1.0,55.0
2026-01-16 23:04:11.227195,Bad Giesing-Harlaching,pool,99.0,1,23,4,1,0,0,0,-1.4,0.0,48.0,91.0
2026-01-16 23:04:11.227195,Cosimawellenbad,pool,99.0,1,23,4,1,0,0,0,-1.4,0.0,48.0,91.0
2026-01-16 23:04:11.227195,Cosimawellenbad Sauna,sauna,99.0,1,23,4,1,0,0,0,-1.4,0.0,48.0,91.0
2026-01-16 23:04:11.227195,Dantebad Sauna,sauna,99.0,1,23,4,1,0,0,0,-1.4,0.0,48.0,91.0
2026-01-16 23:04:11.227195,Michaelibad,pool,99.0,1,23,4,1,0,0,0,-1.4,0.0,48.0,91.0
2026-01-16 23:04:11.227195,Michaelibad Sauna,sauna,100.0,1,23,4,1,0,0,0,-1.4,0.0,48.0,91.0
2026-01-16 23:04:11.227195,Müller'sches Volksbad,pool,96.0,1,23,4,1,0,0,0,-1.4,0.0,48.0,91.0
2026-01-16 23:04:11.227195,Nordbad,pool,98.0,1,23,4,1,0,0,0,-1.4,0.0,48.0,91.0
2026-01-16 23:04:11.227195,Nordbad Sauna,sauna,99.0,1,23,4,1,0,0,0,-1.4,0.0,48.0,91.0
2026-01-16 23:04:11.227195,Südbad,pool,95.0,1,23,4,1,0,0,0,-1.4,0.0,48.0,91.0
2026-01-16 23:04:11.227195,Südbad Sauna,sauna,99.0,1,23,4,1,0,0,0,-1.4,0.0,48.0,91.0
2026-01-16 23:04:11.227195,Westbad,pool,97.0,1,23,4,1,0,0,0,-1.4,0.0,48.0,91.0
2026-01-16 23:04:11.227195,Westbad Sauna,sauna,90.0,1,23,4,1,0,0,0,-1.4,0.0,48.0,91.0
2026-01-16 23:23:01.484854,Bad Giesing-Harlaching,pool,99.0,1,23,4,1,0,0,0,-1.4,0.0,48.0,91.0
2026-01-16 23:23:01.484854,Cosimawellenbad,pool,100.0,1,23,4,1,0,0,0,-1.4,0.0,48.0,91.0
2026-01-16 23:23:01.484854,Cosimawellenbad Sauna,sauna,99.0,1,23,4,1,0,0,0,-1.4,0.0,48.0,91.0
2026-01-16 23:23:01.484854,Dantebad Sauna,sauna,99.0,1,23,4,1,0,0,0,-1.4,0.0,48.0,91.0
2026-01-16 23:23:01.484854,Michaelibad,pool,99.0,1,23,4,1,0,0,0,-1.4,0.0,48.0,91.0
2026-01-16 23:23:01.484854,Michaelibad Sauna,sauna,100.0,1,23,4,1,0,0,0,-1.4,0.0,48.0,91.0
2026-01-16 23:23:01.484854,Müller'sches Volksbad,pool,97.0,1,23,4,1,0,0,0,-1.4,0.0,48.0,91.0
2026-01-16 23:23:01.484854,Nordbad,pool,98.0,1,23,4,1,0,0,0,-1.4,0.0,48.0,91.0
2026-01-16 23:23:01.484854,Nordbad Sauna,sauna,99.0,1,23,4,1,0,0,0,-1.4,0.0,48.0,91.0
2026-01-16 23:23:01.484854,Südbad,pool,95.0,1,23,4,1,0,0,0,-1.4,0.0,48.0,91.0
2026-01-16 23:23:01.484854,Südbad Sauna,sauna,99.0,1,23,4,1,0,0,0,-1.4,0.0,48.0,91.0
2026-01-16 23:23:01.484854,Westbad,pool,97.0,1,23,4,1,0,0,0,-1.4,0.0,48.0,91.0
2026-01-16 23:23:01.484854,Westbad Sauna,sauna,95.0,1,23,4,1,0,0,0,-1.4,0.0,48.0,91.0
2026-01-16 23:37:59.813139,Bad Giesing-Harlaching,pool,99.0,1,23,4,1,0,0,0,-1.4,0.0,48.0,91.0
2026-01-16 23:37:59.813139,Cosimawellenbad,pool,100.0,1,23,4,1,0,0,0,-1.4,0.0,48.0,91.0
2026-01-16 23:37:59.813139,Cosimawellenbad Sauna,sauna,99.0,1,23,4,1,0,0,0,-1.4,0.0,48.0,91.0
2026-01-16 23:37:59.813139,Dantebad Sauna,sauna,99.0,1,23,4,1,0,0,0,-1.4,0.0,48.0,91.0
2026-01-16 23:37:59.813139,Michaelibad,pool,99.0,1,23,4,1,0,0,0,-1.4,0.0,48.0,91.0
2026-01-16 23:37:59.813139,Michaelibad Sauna,sauna,100.0,1,23,4,1,0,0,0,-1.4,0.0,48.0,91.0
2026-01-16 23:37:59.813139,Müller'sches Volksbad,pool,97.0,1,23,4,1,0,0,0,-1.4,0.0,48.0,91.0
2026-01-16 23:37:59.813139,Nordbad,pool,98.0,1,23,4,1,0,0,0,-1.4,0.0,48.0,91.0
2026-01-16 23:37:59.813139,Nordbad Sauna,sauna,99.0,1,23,4,1,0,0,0,-1.4,0.0,48.0,91.0
2026-01-16 23:37:59.813139,Südbad,pool,95.0,1,23,4,1,0,0,0,-1.4,0.0,48.0,91.0
2026-01-16 23:37:59.813139,Südbad Sauna,sauna,99.0,1,23,4,1,0,0,0,-1.4,0.0,48.0,91.0
2026-01-16 23:37:59.813139,Westbad,pool,97.0,1,23,4,1,0,0,0,-1.4,0.0,48.0,91.0
2026-01-16 23:37:59.813139,Westbad Sauna,sauna,95.0,1,23,4,1,0,0,0,-1.4,0.0,48.0,91.0
2026-01-16 23:49:48.341155,Bad Giesing-Harlaching,pool,99.0,1,23,4,1,0,0,0,-1.4,0.0,48.0,91.0
2026-01-16 23:49:48.341155,Cosimawellenbad,pool,100.0,1,23,4,1,0,0,0,-1.4,0.0,48.0,91.0
2026-01-16 23:49:48.341155,Cosimawellenbad Sauna,sauna,99.0,1,23,4,1,0,0,0,-1.4,0.0,48.0,91.0
2026-01-16 23:49:48.341155,Dantebad Sauna,sauna,99.0,1,23,4,1,0,0,0,-1.4,0.0,48.0,91.0
2026-01-16 23:49:48.341155,Michaelibad,pool,99.0,1,23,4,1,0,0,0,-1.4,0.0,48.0,91.0
2026-01-16 23:49:48.341155,Michaelibad Sauna,sauna,100.0,1,23,4,1,0,0,0,-1.4,0.0,48.0,91.0
2026-01-16 23:49:48.341155,Müller'sches Volksbad,pool,97.0,1,23,4,1,0,0,0,-1.4,0.0,48.0,91.0
2026-01-16 23:49:48.341155,Nordbad,pool,98.0,1,23,4,1,0,0,0,-1.4,0.0,48.0,91.0
2026-01-16 23:49:48.341155,Nordbad Sauna,sauna,99.0,1,23,4,1,0,0,0,-1.4,0.0,48.0,91.0
2026-01-16 23:49:48.341155,Südbad,pool,95.0,1,23,4,1,0,0,0,-1.4,0.0,48.0,91.0
2026-01-16 23:49:48.341155,Südbad Sauna,sauna,99.0,1,23,4,1,0,0,0,-1.4,0.0,48.0,91.0
2026-01-16 23:49:48.341155,Westbad,pool,97.0,1,23,4,1,0,0,0,-1.4,0.0,48.0,91.0
2026-01-16 23:49:48.341155,Westbad Sauna,sauna,95.0,1,23,4,1,0,0,0,-1.4,0.0,48.0,91.0
2026-01-17 00:04:11.046191,Bad Giesing-Harlaching,pool,100.0,1,0,5,1,1,0,0,-1.9,0.0,48.0,100.0
2026-01-17 00:04:11.046191,Cosimawellenbad,pool,100.0,1,0,5,1,1,0,0,-1.9,0.0,48.0,100.0
2026-01-17 00:04:11.046191,Cosimawellenbad Sauna,sauna,100.0,1,0,5,1,1,0,0,-1.9,0.0,48.0,100.0
2026-01-17 00:04:11.046191,Dantebad Sauna,sauna,100.0,1,0,5,1,1,0,0,-1.9,0.0,48.0,100.0
2026-01-17 00:04:11.046191,Michaelibad,pool,100.0,1,0,5,1,1,0,0,-1.9,0.0,48.0,100.0
2026-01-17 00:04:11.046191,Michaelibad Sauna,sauna,100.0,1,0,5,1,1,0,0,-1.9,0.0,48.0,100.0
2026-01-17 00:04:11.046191,Müller'sches Volksbad,pool,100.0,1,0,5,1,1,0,0,-1.9,0.0,48.0,100.0
2026-01-17 00:04:11.046191,Nordbad,pool,100.0,1,0,5,1,1,0,0,-1.9,0.0,48.0,100.0
2026-01-17 00:04:11.046191,Nordbad Sauna,sauna,100.0,1,0,5,1,1,0,0,-1.9,0.0,48.0,100.0
2026-01-17 00:04:11.046191,Südbad,pool,100.0,1,0,5,1,1,0,0,-1.9,0.0,48.0,100.0
2026-01-17 00:04:11.046191,Südbad Sauna,sauna,100.0,1,0,5,1,1,0,0,-1.9,0.0,48.0,100.0
2026-01-17 00:04:11.046191,Westbad,pool,100.0,1,0,5,1,1,0,0,-1.9,0.0,48.0,100.0
2026-01-17 00:04:11.046191,Westbad Sauna,sauna,100.0,1,0,5,1,1,0,0,-1.9,0.0,48.0,100.0
2026-01-17 00:22:57.139642,Bad Giesing-Harlaching,pool,100.0,1,0,5,1,1,0,0,-1.9,0.0,48.0,100.0
2026-01-17 00:22:57.139642,Cosimawellenbad,pool,100.0,1,0,5,1,1,0,0,-1.9,0.0,48.0,100.0
2026-01-17 00:22:57.139642,Cosimawellenbad Sauna,sauna,100.0,1,0,5,1,1,0,0,-1.9,0.0,48.0,100.0
2026-01-17 00:22:57.139642,Dantebad Sauna,sauna,100.0,1,0,5,1,1,0,0,-1.9,0.0,48.0,100.0
2026-01-17 00:22:57.139642,Michaelibad,pool,100.0,1,0,5,1,1,0,0,-1.9,0.0,48.0,100.0
2026-01-17 00:22:57.139642,Michaelibad Sauna,sauna,100.0,1,0,5,1,1,0,0,-1.9,0.0,48.0,100.0
2026-01-17 00:22:57.139642,Müller'sches Volksbad,pool,100.0,1,0,5,1,1,0,0,-1.9,0.0,48.0,100.0
2026-01-17 00:22:57.139642,Nordbad,pool,100.0,1,0,5,1,1,0,0,-1.9,0.0,48.0,100.0
2026-01-17 00:22:57.139642,Nordbad Sauna,sauna,100.0,1,0,5,1,1,0,0,-1.9,0.0,48.0,100.0
2026-01-17 00:22:57.139642,Südbad,pool,100.0,1,0,5,1,1,0,0,-1.9,0.0,48.0,100.0
2026-01-17 00:22:57.139642,Südbad Sauna,sauna,100.0,1,0,5,1,1,0,0,-1.9,0.0,48.0,100.0
2026-01-17 00:22:57.139642,Westbad,pool,100.0,1,0,5,1,1,0,0,-1.9,0.0,48.0,100.0
2026-01-17 00:22:57.139642,Westbad Sauna,sauna,100.0,1,0,5,1,1,0,0,-1.9,0.0,48.0,100.0
2026-01-17 00:35:49.969750,Bad Giesing-Harlaching,pool,100.0,1,0,5,1,1,0,0,-1.9,0.0,48.0,100.0
2026-01-17 00:35:49.969750,Cosimawellenbad,pool,100.0,1,0,5,1,1,0,0,-1.9,0.0,48.0,100.0
2026-01-17 00:35:49.969750,Cosimawellenbad Sauna,sauna,100.0,1,0,5,1,1,0,0,-1.9,0.0,48.0,100.0
2026-01-17 00:35:49.969750,Dantebad Sauna,sauna,100.0,1,0,5,1,1,0,0,-1.9,0.0,48.0,100.0
2026-01-17 00:35:49.969750,Michaelibad,pool,100.0,1,0,5,1,1,0,0,-1.9,0.0,48.0,100.0
2026-01-17 00:35:49.969750,Michaelibad Sauna,sauna,100.0,1,0,5,1,1,0,0,-1.9,0.0,48.0,100.0
2026-01-17 00:35:49.969750,Müller'sches Volksbad,pool,100.0,1,0,5,1,1,0,0,-1.9,0.0,48.0,100.0
2026-01-17 00:35:49.969750,Nordbad,pool,100.0,1,0,5,1,1,0,0,-1.9,0.0,48.0,100.0
2026-01-17 00:35:49.969750,Nordbad Sauna,sauna,100.0,1,0,5,1,1,0,0,-1.9,0.0,48.0,100.0
2026-01-17 00:35:49.969750,Südbad,pool,100.0,1,0,5,1,1,0,0,-1.9,0.0,48.0,100.0
2026-01-17 00:35:49.969750,Südbad Sauna,sauna,100.0,1,0,5,1,1,0,0,-1.9,0.0,48.0,100.0
2026-01-17 00:35:49.969750,Westbad,pool,100.0,1,0,5,1,1,0,0,-1.9,0.0,48.0,100.0
2026-01-17 00:35:49.969750,Westbad Sauna,sauna,100.0,1,0,5,1,1,0,0,-1.9,0.0,48.0,100.0
2026-01-17 00:48:31.137094,Bad Giesing-Harlaching,pool,100.0,1,0,5,1,1,0,0,-1.9,0.0,48.0,100.0
2026-01-17 00:48:31.137094,Cosimawellenbad,pool,100.0,1,0,5,1,1,0,0,-1.9,0.0,48.0,100.0
2026-01-17 00:48:31.137094,Cosimawellenbad Sauna,sauna,100.0,1,0,5,1,1,0,0,-1.9,0.0,48.0,100.0
2026-01-17 00:48:31.137094,Dantebad Sauna,sauna,100.0,1,0,5,1,1,0,0,-1.9,0.0,48.0,100.0
2026-01-17 00:48:31.137094,Michaelibad,pool,100.0,1,0,5,1,1,0,0,-1.9,0.0,48.0,100.0
2026-01-17 00:48:31.137094,Michaelibad Sauna,sauna,100.0,1,0,5,1,1,0,0,-1.9,0.0,48.0,100.0
2026-01-17 00:48:31.137094,Müller'sches Volksbad,pool,100.0,1,0,5,1,1,0,0,-1.9,0.0,48.0,100.0
2026-01-17 00:48:31.137094,Nordbad,pool,100.0,1,0,5,1,1,0,0,-1.9,0.0,48.0,100.0
2026-01-17 00:48:31.137094,Nordbad Sauna,sauna,100.0,1,0,5,1,1,0,0,-1.9,0.0,48.0,100.0
2026-01-17 00:48:31.137094,Südbad,pool,100.0,1,0,5,1,1,0,0,-1.9,0.0,48.0,100.0
2026-01-17 00:48:31.137094,Südbad Sauna,sauna,100.0,1,0,5,1,1,0,0,-1.9,0.0,48.0,100.0
2026-01-17 00:48:31.137094,Westbad,pool,100.0,1,0,5,1,1,0,0,-1.9,0.0,48.0,100.0
2026-01-17 00:48:31.137094,Westbad Sauna,sauna,100.0,1,0,5,1,1,0,0,-1.9,0.0,48.0,100.0
2026-01-17 01:14:56.050354,Bad Giesing-Harlaching,pool,100.0,1,1,5,1,1,0,0,-1.9,0.0,48.0,100.0
2026-01-17 01:14:56.050354,Cosimawellenbad,pool,100.0,1,1,5,1,1,0,0,-1.9,0.0,48.0,100.0
2026-01-17 01:14:56.050354,Cosimawellenbad Sauna,sauna,100.0,1,1,5,1,1,0,0,-1.9,0.0,48.0,100.0
2026-01-17 01:14:56.050354,Dantebad Sauna,sauna,100.0,1,1,5,1,1,0,0,-1.9,0.0,48.0,100.0
2026-01-17 01:14:56.050354,Michaelibad,pool,100.0,1,1,5,1,1,0,0,-1.9,0.0,48.0,100.0
2026-01-17 01:14:56.050354,Michaelibad Sauna,sauna,100.0,1,1,5,1,1,0,0,-1.9,0.0,48.0,100.0
2026-01-17 01:14:56.050354,Müller'sches Volksbad,pool,100.0,1,1,5,1,1,0,0,-1.9,0.0,48.0,100.0
2026-01-17 01:14:56.050354,Nordbad,pool,100.0,1,1,5,1,1,0,0,-1.9,0.0,48.0,100.0
2026-01-17 01:14:56.050354,Nordbad Sauna,sauna,100.0,1,1,5,1,1,0,0,-1.9,0.0,48.0,100.0
2026-01-17 01:14:56.050354,Südbad,pool,100.0,1,1,5,1,1,0,0,-1.9,0.0,48.0,100.0
2026-01-17 01:14:56.050354,Südbad Sauna,sauna,100.0,1,1,5,1,1,0,0,-1.9,0.0,48.0,100.0
2026-01-17 01:14:56.050354,Westbad,pool,100.0,1,1,5,1,1,0,0,-1.9,0.0,48.0,100.0
2026-01-17 01:14:56.050354,Westbad Sauna,sauna,100.0,1,1,5,1,1,0,0,-1.9,0.0,48.0,100.0
2026-01-17 01:41:54.331742,Bad Giesing-Harlaching,pool,100.0,1,1,5,1,1,0,0,-1.9,0.0,48.0,100.0
2026-01-17 01:41:54.331742,Cosimawellenbad,pool,100.0,1,1,5,1,1,0,0,-1.9,0.0,48.0,100.0
2026-01-17 01:41:54.331742,Cosimawellenbad Sauna,sauna,100.0,1,1,5,1,1,0,0,-1.9,0.0,48.0,100.0
2026-01-17 01:41:54.331742,Dantebad Sauna,sauna,100.0,1,1,5,1,1,0,0,-1.9,0.0,48.0,100.0
2026-01-17 01:41:54.331742,Michaelibad,pool,100.0,1,1,5,1,1,0,0,-1.9,0.0,48.0,100.0
2026-01-17 01:41:54.331742,Michaelibad Sauna,sauna,100.0,1,1,5,1,1,0,0,-1.9,0.0,48.0,100.0
2026-01-17 01:41:54.331742,Müller'sches Volksbad,pool,100.0,1,1,5,1,1,0,0,-1.9,0.0,48.0,100.0
2026-01-17 01:41:54.331742,Nordbad,pool,100.0,1,1,5,1,1,0,0,-1.9,0.0,48.0,100.0
2026-01-17 01:41:54.331742,Nordbad Sauna,sauna,100.0,1,1,5,1,1,0,0,-1.9,0.0,48.0,100.0
2026-01-17 01:41:54.331742,Südbad,pool,100.0,1,1,5,1,1,0,0,-1.9,0.0,48.0,100.0
2026-01-17 01:41:54.331742,Südbad Sauna,sauna,100.0,1,1,5,1,1,0,0,-1.9,0.0,48.0,100.0
2026-01-17 01:41:54.331742,Westbad,pool,100.0,1,1,5,1,1,0,0,-1.9,0.0,48.0,100.0
2026-01-17 01:41:54.331742,Westbad Sauna,sauna,100.0,1,1,5,1,1,0,0,-1.9,0.0,48.0,100.0
2026-01-17 02:12:02.624329,Bad Giesing-Harlaching,pool,100.0,1,2,5,1,1,0,0,-2.1,0.0,48.0,100.0
2026-01-17 02:12:02.624329,Cosimawellenbad,pool,100.0,1,2,5,1,1,0,0,-2.1,0.0,48.0,100.0
2026-01-17 02:12:02.624329,Cosimawellenbad Sauna,sauna,100.0,1,2,5,1,1,0,0,-2.1,0.0,48.0,100.0
2026-01-17 02:12:02.624329,Dantebad Sauna,sauna,100.0,1,2,5,1,1,0,0,-2.1,0.0,48.0,100.0
2026-01-17 02:12:02.624329,Michaelibad,pool,100.0,1,2,5,1,1,0,0,-2.1,0.0,48.0,100.0
2026-01-17 02:12:02.624329,Michaelibad Sauna,sauna,100.0,1,2,5,1,1,0,0,-2.1,0.0,48.0,100.0
2026-01-17 02:12:02.624329,Müller'sches Volksbad,pool,100.0,1,2,5,1,1,0,0,-2.1,0.0,48.0,100.0
2026-01-17 02:12:02.624329,Nordbad,pool,100.0,1,2,5,1,1,0,0,-2.1,0.0,48.0,100.0
2026-01-17 02:12:02.624329,Nordbad Sauna,sauna,100.0,1,2,5,1,1,0,0,-2.1,0.0,48.0,100.0
2026-01-17 02:12:02.624329,Südbad,pool,100.0,1,2,5,1,1,0,0,-2.1,0.0,48.0,100.0
2026-01-17 02:12:02.624329,Südbad Sauna,sauna,100.0,1,2,5,1,1,0,0,-2.1,0.0,48.0,100.0
2026-01-17 02:12:02.624329,Westbad,pool,100.0,1,2,5,1,1,0,0,-2.1,0.0,48.0,100.0
2026-01-17 02:12:02.624329,Westbad Sauna,sauna,100.0,1,2,5,1,1,0,0,-2.1,0.0,48.0,100.0
2026-01-17 02:55:31.544489,Bad Giesing-Harlaching,pool,100.0,1,2,5,1,1,0,0,-2.1,0.0,48.0,100.0
2026-01-17 02:55:31.544489,Cosimawellenbad,pool,100.0,1,2,5,1,1,0,0,-2.1,0.0,48.0,100.0
2026-01-17 02:55:31.544489,Cosimawellenbad Sauna,sauna,100.0,1,2,5,1,1,0,0,-2.1,0.0,48.0,100.0
2026-01-17 02:55:31.544489,Dantebad Sauna,sauna,100.0,1,2,5,1,1,0,0,-2.1,0.0,48.0,100.0
2026-01-17 02:55:31.544489,Michaelibad,pool,100.0,1,2,5,1,1,0,0,-2.1,0.0,48.0,100.0
2026-01-17 02:55:31.544489,Michaelibad Sauna,sauna,100.0,1,2,5,1,1,0,0,-2.1,0.0,48.0,100.0
2026-01-17 02:55:31.544489,Müller'sches Volksbad,pool,100.0,1,2,5,1,1,0,0,-2.1,0.0,48.0,100.0
2026-01-17 02:55:31.544489,Nordbad,pool,100.0,1,2,5,1,1,0,0,-2.1,0.0,48.0,100.0
2026-01-17 02:55:31.544489,Nordbad Sauna,sauna,100.0,1,2,5,1,1,0,0,-2.1,0.0,48.0,100.0
2026-01-17 02:55:31.544489,Südbad,pool,100.0,1,2,5,1,1,0,0,-2.1,0.0,48.0,100.0
2026-01-17 02:55:31.544489,Südbad Sauna,sauna,100.0,1,2,5,1,1,0,0,-2.1,0.0,48.0,100.0
2026-01-17 02:55:31.544489,Westbad,pool,100.0,1,2,5,1,1,0,0,-2.1,0.0,48.0,100.0
2026-01-17 02:55:31.544489,Westbad Sauna,sauna,100.0,1,2,5,1,1,0,0,-2.1,0.0,48.0,100.0
2026-01-17 03:36:07.140156,Bad Giesing-Harlaching,pool,100.0,1,3,5,1,1,0,0,-2.1,0.0,48.0,100.0
2026-01-17 03:36:07.140156,Cosimawellenbad,pool,100.0,1,3,5,1,1,0,0,-2.1,0.0,48.0,100.0
2026-01-17 03:36:07.140156,Cosimawellenbad Sauna,sauna,100.0,1,3,5,1,1,0,0,-2.1,0.0,48.0,100.0
2026-01-17 03:36:07.140156,Dantebad Sauna,sauna,100.0,1,3,5,1,1,0,0,-2.1,0.0,48.0,100.0
2026-01-17 03:36:07.140156,Michaelibad,pool,100.0,1,3,5,1,1,0,0,-2.1,0.0,48.0,100.0
2026-01-17 03:36:07.140156,Michaelibad Sauna,sauna,100.0,1,3,5,1,1,0,0,-2.1,0.0,48.0,100.0
2026-01-17 03:36:07.140156,Müller'sches Volksbad,pool,100.0,1,3,5,1,1,0,0,-2.1,0.0,48.0,100.0
2026-01-17 03:36:07.140156,Nordbad,pool,100.0,1,3,5,1,1,0,0,-2.1,0.0,48.0,100.0
2026-01-17 03:36:07.140156,Nordbad Sauna,sauna,100.0,1,3,5,1,1,0,0,-2.1,0.0,48.0,100.0
2026-01-17 03:36:07.140156,Südbad,pool,100.0,1,3,5,1,1,0,0,-2.1,0.0,48.0,100.0
2026-01-17 03:36:07.140156,Südbad Sauna,sauna,100.0,1,3,5,1,1,0,0,-2.1,0.0,48.0,100.0
2026-01-17 03:36:07.140156,Westbad,pool,100.0,1,3,5,1,1,0,0,-2.1,0.0,48.0,100.0
2026-01-17 03:36:07.140156,Westbad Sauna,sauna,100.0,1,3,5,1,1,0,0,-2.1,0.0,48.0,100.0
2026-01-17 04:13:44.356209,Bad Giesing-Harlaching,pool,100.0,1,4,5,1,1,0,0,-2.0,0.0,48.0,100.0
2026-01-17 04:13:44.356209,Cosimawellenbad,pool,100.0,1,4,5,1,1,0,0,-2.0,0.0,48.0,100.0
2026-01-17 04:13:44.356209,Cosimawellenbad Sauna,sauna,100.0,1,4,5,1,1,0,0,-2.0,0.0,48.0,100.0
2026-01-17 04:13:44.356209,Dantebad Sauna,sauna,100.0,1,4,5,1,1,0,0,-2.0,0.0,48.0,100.0
2026-01-17 04:13:44.356209,Michaelibad,pool,100.0,1,4,5,1,1,0,0,-2.0,0.0,48.0,100.0
2026-01-17 04:13:44.356209,Michaelibad Sauna,sauna,100.0,1,4,5,1,1,0,0,-2.0,0.0,48.0,100.0
2026-01-17 04:13:44.356209,Müller'sches Volksbad,pool,100.0,1,4,5,1,1,0,0,-2.0,0.0,48.0,100.0
2026-01-17 04:13:44.356209,Nordbad,pool,100.0,1,4,5,1,1,0,0,-2.0,0.0,48.0,100.0
2026-01-17 04:13:44.356209,Nordbad Sauna,sauna,100.0,1,4,5,1,1,0,0,-2.0,0.0,48.0,100.0
2026-01-17 04:13:44.356209,Südbad,pool,100.0,1,4,5,1,1,0,0,-2.0,0.0,48.0,100.0
2026-01-17 04:13:44.356209,Südbad Sauna,sauna,100.0,1,4,5,1,1,0,0,-2.0,0.0,48.0,100.0
2026-01-17 04:13:44.356209,Westbad,pool,100.0,1,4,5,1,1,0,0,-2.0,0.0,48.0,100.0
2026-01-17 04:13:44.356209,Westbad Sauna,sauna,100.0,1,4,5,1,1,0,0,-2.0,0.0,48.0,100.0
2026-01-17 04:43:36.931022,Bad Giesing-Harlaching,pool,100.0,1,4,5,1,1,0,0,-2.0,0.0,48.0,100.0
2026-01-17 04:43:36.931022,Cosimawellenbad,pool,100.0,1,4,5,1,1,0,0,-2.0,0.0,48.0,100.0
2026-01-17 04:43:36.931022,Cosimawellenbad Sauna,sauna,100.0,1,4,5,1,1,0,0,-2.0,0.0,48.0,100.0
2026-01-17 04:43:36.931022,Dantebad Sauna,sauna,100.0,1,4,5,1,1,0,0,-2.0,0.0,48.0,100.0
2026-01-17 04:43:36.931022,Michaelibad,pool,100.0,1,4,5,1,1,0,0,-2.0,0.0,48.0,100.0
2026-01-17 04:43:36.931022,Michaelibad Sauna,sauna,100.0,1,4,5,1,1,0,0,-2.0,0.0,48.0,100.0
2026-01-17 04:43:36.931022,Müller'sches Volksbad,pool,100.0,1,4,5,1,1,0,0,-2.0,0.0,48.0,100.0
2026-01-17 04:43:36.931022,Nordbad,pool,100.0,1,4,5,1,1,0,0,-2.0,0.0,48.0,100.0
2026-01-17 04:43:36.931022,Nordbad Sauna,sauna,100.0,1,4,5,1,1,0,0,-2.0,0.0,48.0,100.0
2026-01-17 04:43:36.931022,Südbad,pool,100.0,1,4,5,1,1,0,0,-2.0,0.0,48.0,100.0
2026-01-17 04:43:36.931022,Südbad Sauna,sauna,100.0,1,4,5,1,1,0,0,-2.0,0.0,48.0,100.0
2026-01-17 04:43:36.931022,Westbad,pool,100.0,1,4,5,1,1,0,0,-2.0,0.0,48.0,100.0
2026-01-17 04:43:36.931022,Westbad Sauna,sauna,100.0,1,4,5,1,1,0,0,-2.0,0.0,48.0,100.0
2026-01-17 05:04:30.217592,Bad Giesing-Harlaching,pool,100.0,1,5,5,1,1,0,0,-2.2,0.0,48.0,100.0
2026-01-17 05:04:30.217592,Cosimawellenbad,pool,100.0,1,5,5,1,1,0,0,-2.2,0.0,48.0,100.0
2026-01-17 05:04:30.217592,Cosimawellenbad Sauna,sauna,100.0,1,5,5,1,1,0,0,-2.2,0.0,48.0,100.0
2026-01-17 05:04:30.217592,Dantebad Sauna,sauna,100.0,1,5,5,1,1,0,0,-2.2,0.0,48.0,100.0
2026-01-17 05:04:30.217592,Michaelibad,pool,100.0,1,5,5,1,1,0,0,-2.2,0.0,48.0,100.0
2026-01-17 05:04:30.217592,Michaelibad Sauna,sauna,100.0,1,5,5,1,1,0,0,-2.2,0.0,48.0,100.0
2026-01-17 05:04:30.217592,Müller'sches Volksbad,pool,100.0,1,5,5,1,1,0,0,-2.2,0.0,48.0,100.0
2026-01-17 05:04:30.217592,Nordbad,pool,100.0,1,5,5,1,1,0,0,-2.2,0.0,48.0,100.0
2026-01-17 05:04:30.217592,Nordbad Sauna,sauna,100.0,1,5,5,1,1,0,0,-2.2,0.0,48.0,100.0
2026-01-17 05:04:30.217592,Südbad,pool,100.0,1,5,5,1,1,0,0,-2.2,0.0,48.0,100.0
2026-01-17 05:04:30.217592,Südbad Sauna,sauna,100.0,1,5,5,1,1,0,0,-2.2,0.0,48.0,100.0
2026-01-17 05:04:30.217592,Westbad,pool,100.0,1,5,5,1,1,0,0,-2.2,0.0,48.0,100.0
2026-01-17 05:04:30.217592,Westbad Sauna,sauna,100.0,1,5,5,1,1,0,0,-2.2,0.0,48.0,100.0
2026-01-17 05:25:19.357133,Bad Giesing-Harlaching,pool,100.0,1,5,5,1,1,0,0,-2.2,0.0,48.0,100.0
2026-01-17 05:25:19.357133,Cosimawellenbad,pool,100.0,1,5,5,1,1,0,0,-2.2,0.0,48.0,100.0
2026-01-17 05:25:19.357133,Cosimawellenbad Sauna,sauna,100.0,1,5,5,1,1,0,0,-2.2,0.0,48.0,100.0
2026-01-17 05:25:19.357133,Dantebad Sauna,sauna,100.0,1,5,5,1,1,0,0,-2.2,0.0,48.0,100.0
2026-01-17 05:25:19.357133,Michaelibad,pool,100.0,1,5,5,1,1,0,0,-2.2,0.0,48.0,100.0
2026-01-17 05:25:19.357133,Michaelibad Sauna,sauna,100.0,1,5,5,1,1,0,0,-2.2,0.0,48.0,100.0
2026-01-17 05:25:19.357133,Müller'sches Volksbad,pool,100.0,1,5,5,1,1,0,0,-2.2,0.0,48.0,100.0
2026-01-17 05:25:19.357133,Nordbad,pool,100.0,1,5,5,1,1,0,0,-2.2,0.0,48.0,100.0
2026-01-17 05:25:19.357133,Nordbad Sauna,sauna,100.0,1,5,5,1,1,0,0,-2.2,0.0,48.0,100.0
2026-01-17 05:25:19.357133,Südbad,pool,100.0,1,5,5,1,1,0,0,-2.2,0.0,48.0,100.0
2026-01-17 05:25:19.357133,Südbad Sauna,sauna,100.0,1,5,5,1,1,0,0,-2.2,0.0,48.0,100.0
2026-01-17 05:25:19.357133,Westbad,pool,100.0,1,5,5,1,1,0,0,-2.2,0.0,48.0,100.0
2026-01-17 05:25:19.357133,Westbad Sauna,sauna,100.0,1,5,5,1,1,0,0,-2.2,0.0,48.0,100.0
2026-01-17 05:41:34.193172,Bad Giesing-Harlaching,pool,100.0,1,5,5,1,1,0,0,-2.2,0.0,48.0,100.0
2026-01-17 05:41:34.193172,Cosimawellenbad,pool,100.0,1,5,5,1,1,0,0,-2.2,0.0,48.0,100.0
2026-01-17 05:41:34.193172,Cosimawellenbad Sauna,sauna,100.0,1,5,5,1,1,0,0,-2.2,0.0,48.0,100.0
2026-01-17 05:41:34.193172,Dantebad Sauna,sauna,100.0,1,5,5,1,1,0,0,-2.2,0.0,48.0,100.0
2026-01-17 05:41:34.193172,Michaelibad,pool,100.0,1,5,5,1,1,0,0,-2.2,0.0,48.0,100.0
2026-01-17 05:41:34.193172,Michaelibad Sauna,sauna,100.0,1,5,5,1,1,0,0,-2.2,0.0,48.0,100.0
2026-01-17 05:41:34.193172,Müller'sches Volksbad,pool,100.0,1,5,5,1,1,0,0,-2.2,0.0,48.0,100.0
2026-01-17 05:41:34.193172,Nordbad,pool,100.0,1,5,5,1,1,0,0,-2.2,0.0,48.0,100.0
2026-01-17 05:41:34.193172,Nordbad Sauna,sauna,100.0,1,5,5,1,1,0,0,-2.2,0.0,48.0,100.0
2026-01-17 05:41:34.193172,Südbad,pool,100.0,1,5,5,1,1,0,0,-2.2,0.0,48.0,100.0
2026-01-17 05:41:34.193172,Südbad Sauna,sauna,100.0,1,5,5,1,1,0,0,-2.2,0.0,48.0,100.0
2026-01-17 05:41:34.193172,Westbad,pool,100.0,1,5,5,1,1,0,0,-2.2,0.0,48.0,100.0
2026-01-17 05:41:34.193172,Westbad Sauna,sauna,100.0,1,5,5,1,1,0,0,-2.2,0.0,48.0,100.0
2026-01-17 05:53:58.893932,Bad Giesing-Harlaching,pool,100.0,1,5,5,1,1,0,0,-2.2,0.0,48.0,100.0
2026-01-17 05:53:58.893932,Cosimawellenbad,pool,100.0,1,5,5,1,1,0,0,-2.2,0.0,48.0,100.0
2026-01-17 05:53:58.893932,Cosimawellenbad Sauna,sauna,100.0,1,5,5,1,1,0,0,-2.2,0.0,48.0,100.0
2026-01-17 05:53:58.893932,Dantebad Sauna,sauna,100.0,1,5,5,1,1,0,0,-2.2,0.0,48.0,100.0
2026-01-17 05:53:58.893932,Michaelibad,pool,100.0,1,5,5,1,1,0,0,-2.2,0.0,48.0,100.0
2026-01-17 05:53:58.893932,Michaelibad Sauna,sauna,100.0,1,5,5,1,1,0,0,-2.2,0.0,48.0,100.0
2026-01-17 05:53:58.893932,Müller'sches Volksbad,pool,100.0,1,5,5,1,1,0,0,-2.2,0.0,48.0,100.0
2026-01-17 05:53:58.893932,Nordbad,pool,100.0,1,5,5,1,1,0,0,-2.2,0.0,48.0,100.0
2026-01-17 05:53:58.893932,Nordbad Sauna,sauna,100.0,1,5,5,1,1,0,0,-2.2,0.0,48.0,100.0
2026-01-17 05:53:58.893932,Südbad,pool,100.0,1,5,5,1,1,0,0,-2.2,0.0,48.0,100.0
2026-01-17 05:53:58.893932,Südbad Sauna,sauna,100.0,1,5,5,1,1,0,0,-2.2,0.0,48.0,100.0
2026-01-17 05:53:58.893932,Westbad,pool,100.0,1,5,5,1,1,0,0,-2.2,0.0,48.0,100.0
2026-01-17 05:53:58.893932,Westbad Sauna,sauna,100.0,1,5,5,1,1,0,0,-2.2,0.0,48.0,100.0
2026-01-17 06:04:47.513114,Bad Giesing-Harlaching,pool,100.0,1,6,5,1,1,0,0,-2.2,0.0,48.0,100.0
2026-01-17 06:04:47.513114,Cosimawellenbad,pool,100.0,1,6,5,1,1,0,0,-2.2,0.0,48.0,100.0
2026-01-17 06:04:47.513114,Cosimawellenbad Sauna,sauna,100.0,1,6,5,1,1,0,0,-2.2,0.0,48.0,100.0
2026-01-17 06:04:47.513114,Dantebad Sauna,sauna,100.0,1,6,5,1,1,0,0,-2.2,0.0,48.0,100.0
2026-01-17 06:04:47.513114,Michaelibad,pool,100.0,1,6,5,1,1,0,0,-2.2,0.0,48.0,100.0
2026-01-17 06:04:47.513114,Michaelibad Sauna,sauna,100.0,1,6,5,1,1,0,0,-2.2,0.0,48.0,100.0
2026-01-17 06:04:47.513114,Müller'sches Volksbad,pool,100.0,1,6,5,1,1,0,0,-2.2,0.0,48.0,100.0
2026-01-17 06:04:47.513114,Nordbad,pool,100.0,1,6,5,1,1,0,0,-2.2,0.0,48.0,100.0
2026-01-17 06:04:47.513114,Nordbad Sauna,sauna,100.0,1,6,5,1,1,0,0,-2.2,0.0,48.0,100.0
2026-01-17 06:04:47.513114,Südbad,pool,100.0,1,6,5,1,1,0,0,-2.2,0.0,48.0,100.0
2026-01-17 06:04:47.513114,Südbad Sauna,sauna,100.0,1,6,5,1,1,0,0,-2.2,0.0,48.0,100.0
2026-01-17 06:04:47.513114,Westbad,pool,100.0,1,6,5,1,1,0,0,-2.2,0.0,48.0,100.0
2026-01-17 06:04:47.513114,Westbad Sauna,sauna,100.0,1,6,5,1,1,0,0,-2.2,0.0,48.0,100.0
2026-01-17 06:22:55.670257,Bad Giesing-Harlaching,pool,100.0,1,6,5,1,1,0,0,-2.2,0.0,48.0,100.0
2026-01-17 06:22:55.670257,Cosimawellenbad,pool,100.0,1,6,5,1,1,0,0,-2.2,0.0,48.0,100.0
2026-01-17 06:22:55.670257,Cosimawellenbad Sauna,sauna,100.0,1,6,5,1,1,0,0,-2.2,0.0,48.0,100.0
2026-01-17 06:22:55.670257,Dantebad Sauna,sauna,100.0,1,6,5,1,1,0,0,-2.2,0.0,48.0,100.0
2026-01-17 06:22:55.670257,Michaelibad,pool,100.0,1,6,5,1,1,0,0,-2.2,0.0,48.0,100.0
2026-01-17 06:22:55.670257,Michaelibad Sauna,sauna,100.0,1,6,5,1,1,0,0,-2.2,0.0,48.0,100.0
2026-01-17 06:22:55.670257,Müller'sches Volksbad,pool,100.0,1,6,5,1,1,0,0,-2.2,0.0,48.0,100.0
2026-01-17 06:22:55.670257,Nordbad,pool,100.0,1,6,5,1,1,0,0,-2.2,0.0,48.0,100.0
2026-01-17 06:22:55.670257,Nordbad Sauna,sauna,100.0,1,6,5,1,1,0,0,-2.2,0.0,48.0,100.0
2026-01-17 06:22:55.670257,Südbad,pool,100.0,1,6,5,1,1,0,0,-2.2,0.0,48.0,100.0
2026-01-17 06:22:55.670257,Südbad Sauna,sauna,100.0,1,6,5,1,1,0,0,-2.2,0.0,48.0,100.0
2026-01-17 06:22:55.670257,Westbad,pool,100.0,1,6,5,1,1,0,0,-2.2,0.0,48.0,100.0
2026-01-17 06:22:55.670257,Westbad Sauna,sauna,100.0,1,6,5,1,1,0,0,-2.2,0.0,48.0,100.0
2026-01-17 06:37:07.430720,Bad Giesing-Harlaching,pool,100.0,1,6,5,1,1,0,0,-2.2,0.0,48.0,100.0
2026-01-17 06:37:07.430720,Cosimawellenbad,pool,100.0,1,6,5,1,1,0,0,-2.2,0.0,48.0,100.0
2026-01-17 06:37:07.430720,Cosimawellenbad Sauna,sauna,100.0,1,6,5,1,1,0,0,-2.2,0.0,48.0,100.0
2026-01-17 06:37:07.430720,Dantebad Sauna,sauna,100.0,1,6,5,1,1,0,0,-2.2,0.0,48.0,100.0
2026-01-17 06:37:07.430720,Michaelibad,pool,100.0,1,6,5,1,1,0,0,-2.2,0.0,48.0,100.0
2026-01-17 06:37:07.430720,Michaelibad Sauna,sauna,100.0,1,6,5,1,1,0,0,-2.2,0.0,48.0,100.0
2026-01-17 06:37:07.430720,Müller'sches Volksbad,pool,100.0,1,6,5,1,1,0,0,-2.2,0.0,48.0,100.0
2026-01-17 06:37:07.430720,Nordbad,pool,100.0,1,6,5,1,1,0,0,-2.2,0.0,48.0,100.0
2026-01-17 06:37:07.430720,Nordbad Sauna,sauna,100.0,1,6,5,1,1,0,0,-2.2,0.0,48.0,100.0
2026-01-17 06:37:07.430720,Südbad,pool,100.0,1,6,5,1,1,0,0,-2.2,0.0,48.0,100.0
2026-01-17 06:37:07.430720,Südbad Sauna,sauna,100.0,1,6,5,1,1,0,0,-2.2,0.0,48.0,100.0
2026-01-17 06:37:07.430720,Westbad,pool,100.0,1,6,5,1,1,0,0,-2.2,0.0,48.0,100.0
2026-01-17 06:37:07.430720,Westbad Sauna,sauna,100.0,1,6,5,1,1,0,0,-2.2,0.0,48.0,100.0
2026-01-17 06:48:46.994846,Bad Giesing-Harlaching,pool,100.0,1,6,5,1,1,0,0,-2.2,0.0,48.0,100.0
2026-01-17 06:48:46.994846,Cosimawellenbad,pool,100.0,1,6,5,1,1,0,0,-2.2,0.0,48.0,100.0
2026-01-17 06:48:46.994846,Cosimawellenbad Sauna,sauna,100.0,1,6,5,1,1,0,0,-2.2,0.0,48.0,100.0
2026-01-17 06:48:46.994846,Dantebad Sauna,sauna,100.0,1,6,5,1,1,0,0,-2.2,0.0,48.0,100.0
2026-01-17 06:48:46.994846,Michaelibad,pool,100.0,1,6,5,1,1,0,0,-2.2,0.0,48.0,100.0
2026-01-17 06:48:46.994846,Michaelibad Sauna,sauna,100.0,1,6,5,1,1,0,0,-2.2,0.0,48.0,100.0
2026-01-17 06:48:46.994846,Müller'sches Volksbad,pool,100.0,1,6,5,1,1,0,0,-2.2,0.0,48.0,100.0
2026-01-17 06:48:46.994846,Nordbad,pool,100.0,1,6,5,1,1,0,0,-2.2,0.0,48.0,100.0
2026-01-17 06:48:46.994846,Nordbad Sauna,sauna,100.0,1,6,5,1,1,0,0,-2.2,0.0,48.0,100.0
2026-01-17 06:48:46.994846,Südbad,pool,100.0,1,6,5,1,1,0,0,-2.2,0.0,48.0,100.0
2026-01-17 06:48:46.994846,Südbad Sauna,sauna,100.0,1,6,5,1,1,0,0,-2.2,0.0,48.0,100.0
2026-01-17 06:48:46.994846,Westbad,pool,100.0,1,6,5,1,1,0,0,-2.2,0.0,48.0,100.0
2026-01-17 06:48:46.994846,Westbad Sauna,sauna,100.0,1,6,5,1,1,0,0,-2.2,0.0,48.0,100.0
2026-01-17 07:05:34.296827,Bad Giesing-Harlaching,pool,100.0,1,7,5,1,1,0,0,-2.2,0.0,48.0,100.0
2026-01-17 07:05:34.296827,Cosimawellenbad,pool,100.0,1,7,5,1,1,0,0,-2.2,0.0,48.0,100.0
2026-01-17 07:05:34.296827,Cosimawellenbad Sauna,sauna,100.0,1,7,5,1,1,0,0,-2.2,0.0,48.0,100.0
2026-01-17 07:05:34.296827,Dantebad Sauna,sauna,100.0,1,7,5,1,1,0,0,-2.2,0.0,48.0,100.0
2026-01-17 07:05:34.296827,Michaelibad,pool,100.0,1,7,5,1,1,0,0,-2.2,0.0,48.0,100.0
2026-01-17 07:05:34.296827,Michaelibad Sauna,sauna,100.0,1,7,5,1,1,0,0,-2.2,0.0,48.0,100.0
2026-01-17 07:05:34.296827,Müller'sches Volksbad,pool,100.0,1,7,5,1,1,0,0,-2.2,0.0,48.0,100.0
2026-01-17 07:05:34.296827,Nordbad,pool,100.0,1,7,5,1,1,0,0,-2.2,0.0,48.0,100.0
2026-01-17 07:05:34.296827,Nordbad Sauna,sauna,100.0,1,7,5,1,1,0,0,-2.2,0.0,48.0,100.0
2026-01-17 07:05:34.296827,Südbad,pool,100.0,1,7,5,1,1,0,0,-2.2,0.0,48.0,100.0
2026-01-17 07:05:34.296827,Südbad Sauna,sauna,100.0,1,7,5,1,1,0,0,-2.2,0.0,48.0,100.0
2026-01-17 07:05:34.296827,Westbad,pool,100.0,1,7,5,1,1,0,0,-2.2,0.0,48.0,100.0
2026-01-17 07:05:34.296827,Westbad Sauna,sauna,100.0,1,7,5,1,1,0,0,-2.2,0.0,48.0,100.0
